日期,收盘,开盘,高,低,交易量,涨跌幅
2022年3月11日,12.11,11.67,12.14,11.56,51.54M,1.68%
2022年3月10日,11.91,12.01,12.13,11.86,53.99M,1.62%
2022年3月9日,11.72,12,12.07,11.04,77.88M,-2.33%
2022年3月8日,12,12.27,12.46,11.78,63.45M,-2.99%
2022年3月7日,12.37,13,13.08,12.22,94.87M,-6.22%
2022年3月4日,13.19,13.39,13.54,13.07,53.29M,-2.37%
2022年3月3日,13.51,13.98,14,13.45,67.16M,-2.67%
2022年3月2日,13.88,13.97,13.99,13.73,49.47M,-1.07%
2022年3月1日,14.03,13.71,14.5,13.67,103.45M,1.96%
2022年2月28日,13.76,13.7,13.84,13.26,98.70M,-1.71%
2022年2月25日,14,14.05,14.29,13.93,69.42M,0.57%
2022年2月24日,13.92,14.24,14.55,13.67,109.68M,-2.59%
2022年2月23日,14.29,13.6,14.32,13.6,123.24M,4.00%
2022年2月22日,13.74,13.75,13.9,13.53,55.74M,-1.22%
2022年2月21日,13.91,13.97,14.15,13.76,64.93M,-0.36%
2022年2月18日,13.96,13.95,14,13.65,94.58M,-0.92%
2022年2月17日,14.09,13.54,14.23,13.51,148.41M,4.53%
2022年2月16日,13.48,13.5,13.6,13.35,41.95M,0.15%
2022年2月15日,13.46,13.3,13.6,13.12,52.10M,2.05%
2022年2月14日,13.19,13,13.39,12.91,39.93M,0.38%
2022年2月11日,13.14,13.35,13.65,13.05,61.50M,-2.30%
2022年2月10日,13.45,13.5,13.58,13.31,43.24M,-0.81%
2022年2月9日,13.56,13.41,13.75,13.35,54.96M,0.52%
2022年2月8日,13.49,13.41,13.52,12.95,54.02M,1.35%
2022年2月7日,13.31,13.05,13.69,13.05,72.08M,3.90%
2022年1月28日,12.81,12.99,13.1,12.64,44.18M,-0.31%
2022年1月27日,12.85,13.29,13.35,12.74,63.84M,-3.75%
2022年1月26日,13.35,13.61,13.8,13.12,55.71M,-1.84%
2022年1月25日,13.6,14.28,14.44,13.58,68.88M,-5.23%
2022年1月24日,14.35,14,14.45,13.89,55.88M,1.99%
2022年1月21日,14.07,13.9,14.14,13.72,43.64M,0.50%
2022年1月20日,14,14.21,14.34,13.93,55.39M,-2.44%
2022年1月19日,14.35,14.6,14.64,14.16,77.90M,-2.78%
2022年1月18日,14.76,14.57,14.91,14.41,94.61M,1.58%
2022年1月17日,14.53,14.45,14.78,14.4,82.80M,0.69%
2022年1月14日,14.43,13.78,15,13.73,138.00M,3.59%
2022年1月13日,13.93,14.44,14.49,13.9,101.14M,-4.20%
2022年1月12日,14.54,14.15,14.66,14.11,117.60M,3.64%
2022年1月11日,14.03,13.85,14.4,13.83,96.05M,0.00%
2022年1月10日,14.03,13.9,14.05,13.45,87.53M,0.79%
2022年1月7日,13.92,14.14,14.2,13.87,63.78M,-1.69%
2022年1月6日,14.16,13.75,14.33,13.61,82.39M,2.61%
2022年1月5日,13.8,14,14.06,13.65,65.01M,-1.43%
2022年1月4日,14,14.64,14.64,13.75,103.58M,-2.98%
2021年12月31日,14.43,14.1,14.58,14.08,69.65M,1.76%
2021年12月30日,14.18,14.25,14.54,14.12,68.37M,-0.63%
2021年12月29日,14.27,14.25,14.42,14.05,68.11M,0.14%
2021年12月28日,14.25,13.98,14.25,13.91,82.11M,2.52%
2021年12月27日,13.9,14.12,14.2,13.81,62.76M,-1.35%
2021年12月24日,14.09,14.87,14.92,13.8,125.37M,-5.25%
2021年12月23日,14.87,15.17,15.21,14.76,56.94M,-1.52%
2021年12月22日,15.1,15.04,15.27,14.92,50.00M,0.47%
2021年12月21日,15.03,14.83,15.07,14.68,67.92M,0.47%
2021年12月20日,14.96,15.56,15.61,14.91,95.37M,-4.83%
2021年12月17日,15.72,16.27,16.33,15.7,82.51M,-3.97%
2021年12月16日,16.37,16.34,16.39,16.14,50.06M,0.18%
2021年12月15日,16.34,16.54,16.69,16.28,54.40M,-1.21%
2021年12月14日,16.54,16.86,16.96,16.48,72.28M,-2.65%
2021年12月13日,16.99,17.15,17.2,16.71,71.06M,-0.41%
2021年12月10日,17.06,16.51,17.16,16.47,95.85M,2.34%
2021年12月9日,16.67,16.6,16.73,16.42,68.84M,0.48%
2021年12月8日,16.59,16.26,16.6,16.2,69.93M,1.97%
2021年12月7日,16.27,16.9,16.92,16.02,99.15M,-2.81%
2021年12月6日,16.74,17.26,17.26,16.56,100.12M,-3.35%
2021年12月3日,17.32,17.13,17.5,17.13,70.91M,1.11%
2021年12月2日,17.13,17.25,17.44,17.06,66.52M,-1.50%
2021年12月1日,17.39,17.45,17.61,17.1,91.08M,-1.92%
2021年11月30日,17.73,18,18.15,17.28,88.09M,0.17%
2021年11月29日,17.7,17.01,18.04,16.96,104.73M,0.80%
2021年11月26日,17.56,17.36,18.2,17.25,106.86M,1.04%
2021年11月25日,17.38,18.2,18.21,17.31,121.13M,-4.61%
2021年11月24日,18.22,18.08,18.45,17.89,83.49M,0.77%
2021年11月23日,18.08,18.13,18.48,17.8,91.71M,-0.39%
2021年11月22日,18.15,17.35,18.49,17.3,143.12M,4.37%
2021年11月19日,17.39,17.61,17.89,17.2,107.04M,-1.58%
2021年11月18日,17.67,17.33,17.99,17.03,130.34M,0.51%
2021年11月17日,17.58,17.05,17.65,16.82,137.38M,3.84%
2021年11月16日,16.93,17.5,17.5,16.8,120.66M,-3.97%
2021年11月15日,17.63,18.5,18.6,17.17,120.40M,-4.29%
2021年11月12日,18.42,18.58,18.65,17.69,117.38M,-0.86%
2021年11月11日,18.58,18.9,19.2,18.5,127.13M,-2.21%
2021年11月10日,19,20,20,18.49,170.52M,-7.09%
2021年11月9日,20.45,20.58,20.75,19.79,184.16M,1.09%
2021年11月8日,20.23,18.45,20.23,18.45,125.45M,10.01%
2021年11月5日,18.39,19.5,19.75,18.34,118.82M,-6.60%
2021年11月4日,19.69,19.16,19.88,18.65,121.96M,3.31%
2021年11月3日,19.06,19.24,19.52,18.64,111.26M,-3.20%
2021年11月2日,19.69,20.37,21,19.19,141.31M,-3.95%
2021年11月1日,20.5,20.91,21.3,20.14,102.73M,-1.96%
2021年10月29日,20.91,21.56,21.58,19.88,129.07M,-2.97%
2021年10月28日,21.55,20.65,22.13,20.64,190.82M,3.51%
2021年10月27日,20.82,20.7,21.78,20.54,233.39M,-0.10%
2021年10月26日,20.84,20.79,21.51,20.43,269.94M,6.60%
2021年10月25日,19.55,18.1,19.55,18.01,193.77M,10.02%
2021年10月22日,17.77,18.03,18.51,17.56,92.72M,-1.82%
2021年10月21日,18.1,18.88,18.88,17.88,159.53M,-4.13%
2021年10月20日,18.88,17.05,18.88,16.9,116.27M,10.02%
2021年10月19日,17.16,17.45,17.69,16.8,101.62M,-2.78%
2021年10月18日,17.65,17.1,17.83,16.63,127.83M,3.10%
2021年10月15日,17.12,16.83,17.21,16.24,93.54M,2.09%
2021年10月14日,16.77,17,17.04,16.36,56.58M,-1.53%
2021年10月13日,17.03,17.13,17.17,16.25,71.48M,2.10%
2021年10月12日,16.68,17.01,17.32,16.43,100.99M,-3.70%
2021年10月11日,17.32,17.76,18.21,17.15,100.33M,-2.09%
2021年10月8日,17.69,19.53,19.66,17.51,103.03M,-7.77%
2021年9月30日,19.18,18.35,19.22,18.02,81.69M,6.67%
2021年9月29日,17.98,18.8,18.99,17.72,90.84M,-4.92%
2021年9月28日,18.91,18.82,19.49,18.75,81.46M,-1.61%
2021年9月27日,19.22,21.14,21.47,19.22,121.28M,-10.02%
2021年9月24日,21.36,21.89,21.94,20.88,82.34M,-2.91%
2021年9月23日,22,21.96,22.43,21.62,78.24M,-2.22%
2021年9月22日,22.5,20.95,22.64,20.88,119.16M,4.65%
2021年9月17日,21.5,20.48,21.89,20.2,99.26M,4.98%
2021年9月16日,20.48,21.54,21.65,20.48,101.25M,-5.84%
2021年9月15日,21.75,22.16,23.36,21.38,193.45M,-3.07%
2021年9月14日,22.44,20.32,22.44,20.01,200.93M,10.00%
2021年9月13日,20.4,21.68,21.68,20.1,140.79M,-6.12%
2021年9月10日,21.73,22.29,22.29,20.6,141.38M,-3.76%
2021年9月9日,22.58,22.6,23.28,21.64,90.75M,0.09%
2021年9月8日,22.56,22.95,23.26,22.46,83.88M,-3.84%
2021年9月7日,23.46,22.01,23.69,21.75,128.32M,7.86%
2021年9月6日,21.75,22.19,22.2,20.57,192.46M,-4.81%
2021年9月3日,22.85,26.88,26.88,22.85,121.19M,-10.00%
2021年9月2日,25.39,24.85,25.75,24.75,55.04M,0.40%
2021年9月1日,25.29,28.55,28.56,25.21,96.06M,-9.71%
2021年8月31日,28.01,27.05,28.01,26.4,65.69M,3.63%
2021年8月30日,27.03,27.52,28.24,26.6,59.84M,-1.60%
2021年8月27日,27.47,26.57,28,25.67,60.91M,2.61%
2021年8月26日,26.77,28.8,28.9,26.34,85.21M,-7.72%
2021年8月25日,29.01,28.84,29.25,27.62,80.33M,0.59%
2021年8月24日,28.84,26.91,29.27,26.91,81.85M,6.70%
2021年8月23日,27.03,26.9,27.5,25.87,78.03M,0.60%
2021年8月20日,26.87,27.39,28.15,25.9,96.41M,-0.04%
2021年8月19日,26.88,24.46,26.88,24.29,75.57M,9.98%
2021年8月18日,24.44,23.79,25.31,23.74,60.65M,2.73%
2021年8月17日,23.79,23.9,24.7,23.61,81.08M,0.85%
2021年8月16日,23.59,24.96,24.96,23.4,72.44M,-7.42%
2021年8月13日,25.48,24.21,26.47,24.13,93.44M,4.00%
2021年8月12日,24.5,24.9,25,23.8,78.75M,-2.78%
2021年8月11日,25.2,25.05,25.64,24.26,88.99M,-1.64%
2021年8月10日,25.62,25.26,26.66,24.8,112.39M,0.23%
2021年8月9日,25.56,26.9,26.99,24.55,97.00M,-4.73%
2021年8月6日,26.83,27,27.56,26.27,159.24M,7.11%
2021年8月5日,25.05,23.68,25.05,22.83,115.29M,10.01%
2021年8月4日,22.77,21,22.77,20.6,82.04M,10.00%
2021年8月3日,20.7,21.83,22.09,20.55,64.89M,-7.01%
2021年8月2日,22.26,21.92,23.34,21.36,100.18M,4.90%
2021年7月30日,21.22,21.42,23.16,20.98,127.01M,0.09%
2021年7月29日,21.2,20.5,21.2,20.3,98.02M,10.02%
2021年7月28日,19.27,20.51,20.87,19.27,158.91M,-10.00%
2021年7月27日,21.41,23.4,23.53,21.12,93.81M,-7.60%
2021年7月26日,23.17,23.38,23.79,22.44,65.69M,-0.04%
2021年7月23日,23.18,25,25.07,22.89,110.66M,-5.85%
2021年7月22日,24.62,22.76,24.62,22.75,123.79M,10.01%
2021年7月21日,22.38,21.5,22.66,21.23,109.36M,5.07%
2021年7月20日,21.3,20.68,21.5,20.4,74.84M,3.05%
2021年7月19日,20.67,21.92,22.35,20.37,116.95M,-5.83%
2021年7月16日,21.95,21.91,22.63,21.64,75.03M,-1.04%
2021年7月15日,22.18,21.7,22.67,21.5,84.40M,0.59%
2021年7月14日,22.05,22.98,23.04,21.66,103.67M,-3.29%
2021年7月13日,22.8,23,23.55,22,123.43M,-4.60%
2021年7月12日,23.9,22.6,24.04,22.1,148.52M,8.74%
2021年7月9日,21.98,20.38,22.12,20.27,162.20M,7.85%
2021年7月8日,20.38,19,20.38,19,129.96M,9.98%
2021年7月7日,18.53,17.81,18.81,17.59,118.29M,2.04%
2021年7月6日,18.16,18.43,18.85,17.72,142.72M,2.14%
2021年7月5日,17.78,17.46,18,17.01,101.38M,2.30%
2021年7月2日,17.38,17.39,18.13,17.28,82.56M,0.17%
2021年7月1日,17.35,18.53,18.64,17,115.61M,-5.04%
2021年6月30日,18.27,18,18.85,17.38,84.69M,-0.65%
2021年6月29日,18.39,18.11,18.61,17.66,121.95M,1.88%
2021年6月28日,18.05,16.71,18.05,16.71,125.64M,9.99%
2021年6月25日,16.41,15.8,16.7,15.8,119.13M,3.27%
2021年6月24日,15.89,16.2,16.54,15.74,96.24M,0.57%
2021年6月23日,15.8,15.75,16.15,15.48,87.05M,-0.63%
2021年6月22日,15.9,16.26,16.4,15.41,111.03M,-2.21%
2021年6月21日,16.26,15.94,17.38,15.75,178.06M,1.50%
2021年6月18日,16.02,15.16,16.15,14.81,160.66M,6.66%
2021年6月17日,15.02,14.52,15.09,14.06,164.18M,7.52%
2021年6月16日,13.97,14.66,14.99,13.82,229.68M,-8.75%
2021年6月15日,15.31,14.9,15.51,14.11,258.90M,8.35%
2021年6月11日,14.13,14.5,14.61,13.81,256.38M,0.07%
2021年6月10日,14.12,12.85,14.12,12.71,240.04M,9.97%
2021年6月9日,12.84,12.19,13.31,12.11,349.33M,5.33%
2021年6月8日,12.19,11.7,12.33,11.65,349.75M,8.74%
2021年6月7日,11.21,10.38,11.21,10.38,142.86M,10.01%
2021年6月4日,10.19,9.94,10.37,9.84,54.10M,1.90%
2021年6月3日,10,9.92,10.16,9.89,28.62M,0.81%
2021年6月2日,9.92,10,10.09,9.89,25.33M,-1.29%
2021年6月1日,10.05,10.22,10.22,9.95,37.37M,-1.76%
2021年5月31日,10.23,9.83,10.38,9.76,59.83M,4.07%
2021年5月28日,9.83,9.73,9.94,9.69,33.84M,1.34%
2021年5月27日,9.7,9.76,9.82,9.69,20.59M,-0.72%
2021年5月26日,9.77,9.82,9.83,9.7,21.10M,-0.31%
2021年5月25日,9.8,9.55,9.9,9.49,36.47M,3.16%
2021年5月24日,9.5,9.71,9.86,9.49,34.12M,-2.36%
2021年5月21日,9.73,9.8,9.9,9.7,22.02M,-0.61%
2021年5月20日,9.79,10.1,10.15,9.75,47.56M,-4.30%
2021年5月19日,10.23,9.86,10.26,9.7,47.32M,2.81%
2021年5月18日,9.95,10.07,10.15,9.9,28.56M,1.02%
2021年5月17日,9.85,9.9,10.02,9.79,26.84M,-0.71%
2021年5月14日,9.92,9.84,9.98,9.74,27.47M,1.02%
2021年5月13日,9.82,9.82,10.02,9.8,23.68M,-1.60%
2021年5月12日,9.98,9.84,10.01,9.81,25.39M,0.50%
2021年5月11日,9.93,9.93,9.98,9.72,29.38M,-0.10%
2021年5月10日,9.94,10.18,10.22,9.83,49.25M,-2.17%
2021年5月7日,10.16,10.5,10.64,10.16,46.53M,-3.05%
2021年5月6日,10.48,10.57,10.83,10.36,46.84M,-0.38%
2021年4月30日,10.52,10.75,11.05,10.52,54.05M,-1.59%
2021年4月29日,10.69,10.58,10.79,10.43,41.08M,0.75%
2021年4月28日,10.61,10.52,10.86,10.52,40.01M,0.86%
2021年4月27日,10.52,10.4,10.59,10.32,40.22M,0.77%
2021年4月26日,10.44,10.45,10.74,10.35,56.67M,-0.57%
2021年4月23日,10.5,10.48,10.55,10.24,53.91M,1.16%
2021年4月22日,10.38,10.57,10.62,10.36,50.04M,0.10%
2021年4月21日,10.37,10.81,10.92,10.34,127.49M,-4.60%
2021年4月20日,10.87,9.78,10.93,9.7,189.03M,9.36%
2021年4月19日,9.94,9.99,10.25,9.93,52.24M,-0.50%
2021年4月16日,9.99,9.94,10.09,9.82,41.89M,0.81%
2021年4月15日,9.91,9.84,10.12,9.66,51.92M,0.00%
2021年4月14日,9.91,9.64,10.02,9.61,56.60M,2.38%
2021年4月13日,9.68,9.53,9.85,9.43,54.52M,2.98%
2021年4月12日,9.4,9.61,9.7,9.31,44.20M,-2.39%
2021年4月9日,9.63,9.58,9.73,9.52,54.85M,-0.31%
2021年4月8日,9.66,10.23,10.23,9.6,84.96M,-5.11%
2021年4月7日,10.18,10.18,10.43,10.03,129.58M,0.99%
2021年4月6日,10.08,9.28,10.08,9.26,79.25M,10.04%
2021年4月2日,9.16,8.99,9.35,8.95,49.53M,4.57%
2021年4月1日,8.76,8.7,8.82,8.7,17.84M,0.92%
2021年3月31日,8.68,8.86,8.89,8.67,26.77M,-2.03%
2021年3月30日,8.86,8.86,8.89,8.67,31.09M,-0.56%
2021年3月29日,8.91,9.38,9.38,8.76,66.50M,-5.11%
2021年3月26日,9.39,9.15,9.4,9.11,43.99M,2.62%
2021年3月25日,9.15,9.28,9.28,9.03,28.32M,-1.40%
2021年3月24日,9.28,8.95,9.48,8.93,64.15M,3.34%
2021年3月23日,8.98,8.93,9.05,8.81,34.86M,0.67%
2021年3月22日,8.92,8.74,8.99,8.71,31.12M,1.83%
2021年3月19日,8.76,8.7,8.78,8.65,32.18M,0.57%
2021年3月18日,8.71,8.95,8.98,8.63,52.00M,-2.79%
2021年3月17日,8.96,9.05,9.09,8.84,35.55M,-1.54%
2021年3月16日,9.1,8.94,9.17,8.84,45.43M,1.90%
2021年3月15日,8.93,8.84,9.05,8.76,36.22M,0.56%
2021年3月12日,8.88,9.03,9.08,8.81,42.50M,-2.31%
2021年3月11日,9.09,8.91,9.15,8.86,46.25M,1.91%
2021年3月10日,8.92,8.93,9.27,8.74,63.00M,1.02%
2021年3月9日,8.83,8.93,9.11,8.59,66.25M,-1.45%
2021年3月8日,8.96,9.15,9.33,8.9,71.01M,-2.82%
2021年3月5日,9.22,9.22,9.44,9.19,59.10M,0.00%
2021年3月4日,9.22,9.42,9.49,9.12,87.31M,-3.56%
2021年3月3日,9.56,9.65,9.69,9.24,92.73M,1.38%
2021年3月2日,9.43,9.79,10.23,9.36,160.92M,-3.28%
2021年3月1日,9.75,9.71,9.85,9.59,97.11M,0.72%
2021年2月26日,9.68,9.79,10.14,9.66,122.79M,-3.10%
2021年2月25日,9.99,10.41,10.52,9.96,142.34M,-2.73%
2021年2月24日,10.27,10.82,11.15,10.09,193.93M,-4.91%
2021年2月23日,10.8,10.29,11.18,10.11,248.45M,4.96%
2021年2月22日,10.29,9.53,10.3,9.38,233.11M,9.94%
2021年2月19日,9.36,8.52,9.36,8.47,150.39M,9.99%
2021年2月18日,8.51,8.47,8.64,8.35,85.80M,4.42%
2021年2月10日,8.15,8.11,8.26,8.06,66.98M,0.74%
2021年2月9日,8.09,8.07,8.23,8.04,77.53M,-0.74%
2021年2月8日,8.15,8.18,8.4,8.08,95.49M,-0.12%
2021年2月5日,8.16,7.89,8.45,7.85,126.50M,2.00%
2021年2月4日,8,7.87,8.24,7.81,122.07M,0.88%
2021年2月3日,7.93,8.08,8.1,7.67,171.45M,0.25%
2021年2月2日,7.91,7.48,7.91,7.48,72.23M,10.01%
2021年2月1日,7.19,6.88,7.26,6.88,43.69M,4.51%
2021年1月29日,6.88,6.97,6.99,6.75,40.17M,-0.86%
2021年1月28日,6.94,7.08,7.15,6.88,49.90M,-2.25%
2021年1月27日,7.1,7.11,7.19,7.07,34.81M,-0.42%
2021年1月26日,7.13,7.51,7.52,7.12,58.06M,-4.81%
2021年1月25日,7.49,7.7,7.76,7.29,87.28M,-2.85%
2021年1月22日,7.71,7.68,7.83,7.61,102.97M,0.13%
2021年1月21日,7.7,7.3,7.81,7.2,119.74M,5.91%
2021年1月20日,7.27,7.23,7.39,7.18,28.06M,0.83%
2021年1月19日,7.21,7.3,7.36,7.13,46.17M,-2.83%
2021年1月18日,7.42,7.34,7.67,7.26,67.82M,0.54%
2021年1月15日,7.38,7.03,7.6,7,60.77M,4.68%
2021年1月14日,7.05,7.12,7.14,6.96,34.58M,-2.08%
2021年1月13日,7.2,7.15,7.36,6.98,51.09M,0.70%
2021年1月12日,7.15,7.08,7.18,6.98,38.46M,0.99%
2021年1月11日,7.08,7.34,7.41,7.04,56.07M,-3.80%
2021年1月8日,7.36,7.48,7.6,7.2,57.53M,-2.52%
2021年1月7日,7.55,7.7,7.89,7.55,82.90M,0.40%
2021年1月6日,7.52,7.77,7.83,7.43,54.97M,-3.22%
2021年1月5日,7.77,7.8,7.88,7.68,57.58M,-0.26%
2021年1月4日,7.79,7.52,7.93,7.47,81.45M,3.45%
2020年12月31日,7.53,7.57,7.73,7.48,61.19M,-0.66%
2020年12月30日,7.58,7.35,7.71,7.35,69.86M,3.41%
2020年12月29日,7.33,7.3,7.48,7.2,45.02M,-0.27%
2020年12月28日,7.35,7.63,7.71,7.2,61.01M,-3.16%
2020年12月25日,7.59,7.53,7.6,7.38,42.08M,1.74%
2020年12月24日,7.46,7.65,7.65,7.4,42.92M,-2.99%
2020年12月23日,7.69,7.49,7.75,7.46,76.73M,2.81%
2020年12月22日,7.48,7.56,7.65,7.41,72.40M,-1.58%
2020年12月21日,7.6,7.29,7.65,7.21,90.01M,4.25%
2020年12月18日,7.29,6.97,7.31,6.9,77.15M,4.89%
2020年12月17日,6.95,6.82,6.96,6.72,30.72M,1.91%
2020年12月16日,6.82,6.9,6.93,6.79,15.81M,-1.16%
2020年12月15日,6.9,6.91,6.97,6.89,19.46M,0.00%
2020年12月14日,6.9,6.85,6.96,6.79,18.27M,0.44%
2020年12月11日,6.87,7.07,7.12,6.83,32.43M,-2.83%
2020年12月10日,7.07,7.08,7.16,6.96,23.16M,-0.14%
2020年12月9日,7.08,7.26,7.3,7.07,32.29M,-2.34%
2020年12月8日,7.25,7.17,7.37,7.15,32.00M,0.69%
2020年12月7日,7.2,7.24,7.3,7.18,22.07M,-0.28%
2020年12月4日,7.22,7.19,7.24,7.15,16.38M,-0.28%
2020年12月3日,7.24,7.2,7.25,7.07,33.49M,0.42%
2020年12月2日,7.21,7.43,7.43,7.18,66.61M,-3.48%
2020年12月1日,7.47,7.41,7.51,7.35,26.44M,0.40%
2020年11月30日,7.44,7.6,7.64,7.42,33.23M,-0.80%
2020年11月27日,7.5,7.5,7.55,7.36,23.01M,0.13%
2020年11月26日,7.49,7.64,7.68,7.45,36.31M,-2.73%
2020年11月25日,7.7,7.65,7.92,7.64,57.16M,0.92%
2020年11月24日,7.63,7.68,7.82,7.59,37.08M,-0.39%
2020年11月23日,7.66,7.58,7.68,7.49,35.67M,1.32%
2020年11月20日,7.56,7.44,7.59,7.42,28.10M,1.75%
2020年11月19日,7.43,7.44,7.45,7.31,20.03M,-0.13%
2020年11月18日,7.44,7.44,7.55,7.4,28.95M,0.13%
2020年11月17日,7.43,7.81,7.85,7.4,62.70M,-4.99%
2020年11月16日,7.82,7.71,7.88,7.66,32.02M,1.43%
2020年11月13日,7.71,7.69,7.77,7.64,25.76M,0.00%
2020年11月12日,7.71,7.65,7.77,7.6,24.47M,0.92%
2020年11月11日,7.64,7.79,7.83,7.63,36.50M,-2.68%
2020年11月10日,7.85,8.13,8.14,7.83,70.18M,-3.92%
2020年11月9日,8.17,8.14,8.23,8.05,72.60M,1.11%
2020年11月6日,8.08,8.21,8.35,8,81.96M,-1.70%
2020年11月5日,8.22,8.05,8.33,7.87,117.01M,4.05%
2020年11月4日,7.9,7.77,7.95,7.71,57.26M,1.67%
2020年11月3日,7.77,7.83,7.88,7.71,44.14M,0.39%
2020年11月2日,7.74,7.56,7.79,7.5,43.06M,2.38%
2020年10月30日,7.56,7.78,7.81,7.54,45.68M,-2.20%
2020年10月29日,7.73,7.75,7.91,7.71,54.38M,-1.65%
2020年10月28日,7.86,7.59,7.94,7.5,60.16M,3.56%
2020年10月27日,7.59,7.6,7.64,7.46,33.45M,-1.04%
2020年10月26日,7.67,7.74,7.75,7.52,30.73M,-0.39%
2020年10月23日,7.7,7.74,7.9,7.7,49.67M,0.52%
2020年10月22日,7.66,7.56,7.73,7.47,35.29M,1.46%
2020年10月21日,7.55,7.7,7.71,7.5,32.84M,-1.95%
2020年10月20日,7.7,7.7,7.73,7.55,29.07M,0.00%
2020年10月19日,7.7,7.88,7.96,7.68,41.54M,-1.16%
2020年10月16日,7.79,7.93,7.95,7.7,66.92M,-1.64%
2020年10月15日,7.92,7.95,8.03,7.9,56.27M,0.38%
2020年10月14日,7.89,7.9,8.03,7.84,73.90M,-0.25%
2020年10月13日,7.91,7.87,7.95,7.73,64.80M,0.51%
2020年10月12日,7.87,7.74,7.93,7.63,101.50M,3.96%
2020年10月9日,7.57,7.12,7.65,7.11,83.78M,8.14%
2020年9月30日,7,6.97,7.04,6.93,26.34M,0.57%
2020年9月29日,6.96,6.85,7.02,6.84,32.69M,2.20%
2020年9月28日,6.81,6.85,6.89,6.7,24.28M,-0.15%
2020年9月25日,6.82,6.89,6.93,6.78,27.58M,-0.58%
2020年9月24日,6.86,7,7.03,6.85,41.69M,-2.83%
2020年9月23日,7.06,7.34,7.37,7.05,65.97M,-4.21%
2020年9月22日,7.37,7.45,7.57,7.3,46.31M,-3.28%
2020年9月21日,7.62,7.78,7.84,7.54,64.25M,0.66%
2020年9月18日,7.57,7.5,7.57,7.37,57.55M,1.47%
2020年9月17日,7.46,7.21,7.51,7.2,68.78M,2.90%
2020年9月16日,7.25,7.2,7.3,7.12,39.86M,0.55%
2020年9月15日,7.21,7.19,7.26,7.12,31.96M,0.56%
2020年9月14日,7.17,7.02,7.23,7,45.80M,3.46%
2020年9月11日,6.93,6.72,6.97,6.7,41.57M,2.51%
2020年9月10日,6.76,7.08,7.1,6.71,47.08M,-3.57%
2020年9月9日,7.01,7.16,7.2,6.98,53.29M,-3.04%
2020年9月8日,7.23,7.19,7.25,7.1,37.84M,0.98%
2020年9月7日,7.16,7.29,7.39,7.13,41.62M,-1.78%
2020年9月4日,7.29,7.25,7.31,7.15,51.83M,-1.75%
2020年9月3日,7.42,7.56,7.62,7.4,46.63M,-2.11%
2020年9月2日,7.58,7.72,7.74,7.51,51.91M,-1.81%
2020年9月1日,7.72,7.65,7.85,7.44,72.14M,0.92%
2020年8月31日,7.65,7.77,7.9,7.64,52.63M,-1.16%
2020年8月28日,7.74,7.7,7.77,7.53,66.02M,-0.64%
2020年8月27日,7.79,7.81,8.09,7.75,62.63M,1.96%
2020年8月26日,7.64,7.91,7.95,7.57,56.39M,-3.29%
2020年8月25日,7.9,7.96,8.04,7.86,37.65M,-1.13%
2020年8月24日,7.99,7.9,8.03,7.76,42.08M,1.14%
2020年8月21日,7.9,7.94,8.04,7.86,36.80M,0.00%
2020年8月20日,7.9,7.97,8.08,7.86,46.30M,-1.86%
2020年8月19日,8.05,8.22,8.23,8.04,60.36M,-2.66%
2020年8月18日,8.27,8.23,8.38,8.16,86.84M,0.85%
2020年8月17日,8.2,8.03,8.23,7.94,88.79M,2.37%
2020年8月14日,8.01,7.98,8.05,7.83,53.76M,0.25%
2020年8月13日,7.99,7.93,8.3,7.92,78.90M,1.14%
2020年8月12日,7.9,8.09,8.14,7.71,88.91M,-2.11%
2020年8月11日,8.07,8.21,8.32,8.05,62.34M,-1.71%
2020年8月10日,8.21,8.15,8.29,8,63.38M,-0.12%
2020年8月7日,8.22,8.36,8.38,7.96,103.34M,-2.14%
2020年8月6日,8.4,8.62,8.65,8.32,88.00M,-1.98%
2020年8月5日,8.57,8.58,8.65,8.37,83.55M,0.59%
2020年8月4日,8.52,8.75,8.76,8.5,98.85M,-1.96%
2020年8月3日,8.69,8.47,8.72,8.43,129.54M,3.82%
2020年7月31日,8.37,8.31,8.49,8.18,116.91M,0.60%
2020年7月30日,8.32,8.66,8.86,8.28,163.92M,-4.48%
2020年7月29日,8.71,8.3,8.78,8.26,135.31M,3.94%
2020年7月28日,8.38,8.35,8.5,7.97,191.69M,-3.01%
2020年7月27日,8.64,9.75,9.78,8.64,153.95M,-10.00%
2020年7月24日,9.6,10.41,10.47,9.6,171.48M,-8.40%
2020年7月23日,10.48,10.25,10.62,10.15,166.66M,3.35%
2020年7月22日,10.14,10.3,10.33,10.11,122.56M,-2.12%
2020年7月21日,10.36,10.26,10.43,9.97,116.72M,2.17%
2020年7月20日,10.14,9.83,10.18,9.61,135.86M,6.18%
2020年7月17日,9.55,10.1,10.26,9.3,176.09M,-3.83%
2020年7月16日,9.93,10.1,10.66,9.88,169.49M,-1.68%
2020年7月15日,10.1,10.37,10.66,10.07,163.67M,-2.60%
2020年7月14日,10.37,10.83,10.88,10.04,250.47M,-6.91%
2020年7月13日,11.14,10.58,11.18,10.3,289.58M,7.53%
2020年7月10日,10.36,9.44,10.36,9.41,245.03M,9.98%
2020年7月9日,9.42,9.35,9.55,9.23,113.96M,0.64%
2020年7月8日,9.36,9.36,9.46,9.18,107.06M,0.11%
2020年7月7日,9.35,9.08,9.66,8.94,135.74M,4.47%
2020年7月6日,8.95,8.75,9.16,8.63,121.63M,4.56%
2020年7月3日,8.56,8.63,8.69,8.42,77.35M,0.82%
2020年7月2日,8.49,8.54,8.59,8.38,72.29M,-0.59%
2020年7月1日,8.54,8.6,8.72,8.36,94.16M,0.35%
2020年6月30日,8.51,8.2,8.64,8.1,108.26M,5.32%
2020年6月29日,8.08,7.9,8.23,7.88,85.47M,2.54%
2020年6月24日,7.88,8.09,8.17,7.83,63.61M,-1.25%
2020年6月23日,7.98,7.9,8,7.76,73.15M,0.88%
2020年6月22日,7.91,7.86,8.08,7.77,109.48M,1.80%
2020年6月19日,7.77,7.36,7.84,7.36,135.19M,6.00%
2020年6月18日,7.33,7.29,7.39,7.19,59.89M,1.24%
2020年6月17日,7.24,7.39,7.43,7.16,57.08M,-1.90%
2020年6月16日,7.38,7.25,7.39,7.19,58.96M,3.22%
2020年6月15日,7.15,7.25,7.27,7.12,45.71M,-0.56%
2020年6月12日,7.19,7.15,7.29,7.15,63.88M,-2.57%
2020年6月11日,7.38,7.47,7.71,7.38,124.56M,-0.54%
2020年6月10日,7.42,7.36,7.44,7.19,79.49M,1.78%
2020年6月9日,7.29,7.31,7.35,7.21,54.70M,0.41%
2020年6月8日,7.26,7.32,7.35,7.19,52.53M,0.14%
2020年6月5日,7.25,7.37,7.4,7.17,94.91M,-2.95%
2020年6月4日,7.47,7.01,7.61,7.01,190.04M,7.95%
2020年6月3日,6.92,7.03,7.07,6.91,41.65M,-1.56%
2020年6月2日,7.03,7.22,7.25,7.02,50.64M,-0.71%
2020年6月1日,7.08,6.93,7.14,6.85,71.24M,2.61%
2020年5月29日,6.9,6.89,7.05,6.8,62.04M,2.37%
2020年5月28日,6.74,6.78,6.86,6.62,35.75M,-1.17%
2020年5月27日,6.82,6.7,6.95,6.7,57.73M,1.34%
2020年5月26日,6.73,6.57,6.75,6.57,41.02M,3.22%
2020年5月25日,6.52,6.53,6.6,6.45,30.52M,-0.46%
2020年5月22日,6.55,6.74,6.76,6.48,59.13M,-3.39%
2020年5月21日,6.78,7.05,7.16,6.76,79.98M,-4.37%
2020年5月20日,7.09,7.05,7.44,7.03,108.23M,2.31%
2020年5月19日,6.93,6.97,7.02,6.87,53.96M,0.43%
2020年5月18日,6.9,7.24,7.24,6.89,83.43M,-4.70%
2020年5月15日,7.24,7.19,7.37,7.13,82.94M,1.69%
2020年5月14日,7.12,7.28,7.43,7.1,67.13M,-3.26%
2020年5月13日,7.36,7.23,7.44,7.1,71.06M,0.27%
2020年5月12日,7.34,7.3,7.4,7.13,70.84M,0.55%
2020年5月11日,7.3,7.46,7.52,7.23,92.41M,-1.75%
2020年5月8日,7.43,7.04,7.68,7.03,156.70M,4.21%
2020年5月7日,7.13,6.72,7.37,6.6,130.41M,5.79%
2020年5月6日,6.74,6.45,6.77,6.41,87.60M,2.74%
2020年4月30日,6.56,6.38,6.63,6.38,96.53M,4.46%
2020年4月29日,6.28,6.4,6.44,6.21,67.96M,-3.83%
2020年4月28日,6.53,6.67,6.79,6.35,102.00M,1.71%
2020年4月27日,6.42,6.39,6.65,6.33,91.95M,4.05%
2020年4月24日,6.17,6.28,6.41,6.14,45.96M,-1.91%
2020年4月23日,6.29,6.32,6.45,6.27,47.53M,0.16%
2020年4月22日,6.28,6.22,6.29,6.19,33.90M,-0.32%
2020年4月21日,6.3,6.45,6.45,6.2,52.75M,-2.63%
2020年4月20日,6.47,6.49,6.58,6.34,65.41M,0.62%
2020年4月17日,6.43,6.35,6.66,6.33,104.46M,2.23%
2020年4月16日,6.29,6.25,6.35,6.22,37.06M,-0.16%
2020年4月15日,6.3,6.39,6.46,6.29,58.14M,-0.63%
2020年4月14日,6.34,6.1,6.37,6.1,65.94M,5.14%
2020年4月13日,6.03,6.13,6.14,5.98,36.53M,-2.43%
2020年4月10日,6.18,6.44,6.44,6.13,54.02M,-3.29%
2020年4月9日,6.39,6.43,6.49,6.38,47.19M,0.31%
2020年4月8日,6.37,6.39,6.46,6.34,57.32M,-1.70%
2020年4月7日,6.48,6.46,6.54,6.37,96.98M,1.89%
2020年4月3日,6.36,6.32,6.48,6.12,84.89M,1.27%
2020年4月2日,6.28,6.02,6.28,5.98,69.22M,3.46%
2020年4月1日,6.07,5.94,6.28,5.93,82.92M,3.23%
2020年3月31日,5.88,6.04,6.04,5.88,39.26M,-0.84%
2020年3月30日,5.93,6,6.03,5.83,54.19M,-2.31%
2020年3月27日,6.07,6.29,6.29,6.06,52.71M,-1.30%
2020年3月26日,6.15,6.39,6.4,6.1,88.33M,-4.65%
2020年3月25日,6.45,6.31,6.53,6.27,142.67M,2.87%
2020年3月24日,6.27,5.95,6.36,5.89,165.43M,8.48%
2020年3月23日,5.78,6.2,6.2,5.77,107.05M,-9.83%
2020年3月20日,6.41,6.41,6.48,6.25,67.71M,2.07%
2020年3月19日,6.28,6.3,6.34,6.07,73.94M,1.13%
2020年3月18日,6.21,6.43,6.68,6.21,78.27M,-2.97%
2020年3月17日,6.4,6.41,6.55,6.1,71.74M,0.63%
2020年3月16日,6.36,6.98,6.99,6.3,101.34M,-7.56%
2020年3月13日,6.88,6.5,7.06,6.39,96.63M,-1.43%
2020年3月12日,6.98,7.06,7.16,6.87,90.73M,-5.16%
2020年3月11日,7.36,7.71,7.74,7.33,103.31M,-4.42%
2020年3月10日,7.7,7.51,7.88,7.06,152.68M,1.05%
2020年3月9日,7.62,8,8.18,7.62,123.10M,-4.87%
2020年3月6日,8.01,7.86,8.16,7.71,106.44M,1.91%
2020年3月5日,7.86,7.9,7.99,7.71,87.63M,1.29%
2020年3月4日,7.76,7.73,7.84,7.55,63.97M,-0.13%
2020年3月3日,7.77,7.94,8.16,7.67,116.13M,0.78%
2020年3月2日,7.71,7.4,7.75,7.37,108.91M,4.05%
2020年2月28日,7.41,7.66,7.85,7.41,166.68M,-9.96%
2020年2月27日,8.23,8.65,8.77,8.2,113.91M,-3.52%
2020年2月26日,8.53,8.85,9.2,8.46,196.96M,-5.43%
2020年2月25日,9.02,8,9.1,7.89,304.71M,7.89%
2020年2月24日,8.36,8.15,8.76,8.11,225.57M,2.08%
2020年2月21日,8.19,7.9,8.44,7.81,252.22M,1.99%
2020年2月20日,8.03,7.98,8.18,7.68,273.15M,1.01%
2020年2月19日,7.95,8.62,8.62,7.93,396.71M,1.40%
2020年2月18日,7.84,7.09,7.84,7.09,271.05M,9.96%
2020年2月17日,7.13,6.97,7.19,6.92,101.26M,3.18%
2020年2月14日,6.91,7.1,7.19,6.81,111.48M,-2.40%
2020年2月13日,7.08,7.18,7.32,7.07,107.62M,-2.34%
2020年2月12日,7.25,7.03,7.41,7,134.02M,1.40%
2020年2月11日,7.15,7.46,7.62,7.03,176.44M,-1.38%
2020年2月10日,7.25,6.53,7.25,6.48,171.26M,10.02%
2020年2月7日,6.59,6.66,6.75,6.42,103.48M,-2.37%
2020年2月6日,6.75,6.28,6.91,6.25,139.26M,3.37%
2020年2月5日,6.53,6.46,6.85,6.32,157.90M,4.82%
2020年2月4日,6.23,5.9,6.41,5.9,119.89M,6.86%
2020年2月3日,5.83,5.83,6,5.83,72.81M,-10.03%
2020年1月23日,6.48,6.58,6.82,6.35,117.74M,-1.82%
2020年1月22日,6.6,6.3,6.67,6.19,118.08M,2.96%
2020年1月21日,6.41,6.44,6.68,6.38,105.48M,-0.16%
2020年1月20日,6.42,6.36,6.51,6.28,91.92M,0.00%
2020年1月17日,6.42,6.46,6.56,6.39,71.88M,0.00%
2020年1月16日,6.42,6.5,6.57,6.38,83.75M,-0.77%
2020年1月15日,6.47,6.6,6.64,6.3,139.22M,-4.15%
2020年1月14日,6.75,7.41,7.58,6.7,182.70M,-4.53%
2020年1月13日,7.07,6.95,7.18,6.88,107.09M,2.02%
2020年1月10日,6.93,6.95,7.09,6.85,104.79M,-1.28%
2020年1月9日,7.02,7.13,7.16,6.82,176.92M,-1.27%
2020年1月8日,7.11,7.25,7.48,6.85,240.88M,-0.70%
2020年1月7日,7.16,7.65,7.65,7.03,275.86M,1.70%
2020年1月6日,7.04,6.65,7.04,6.51,127.05M,10.00%
2020年1月3日,6.4,6.66,6.74,6.38,177.28M,-3.90%
2020年1月2日,6.66,6.28,6.79,6.19,240.62M,7.59%
2019年12月31日,6.19,6.27,6.57,6.06,193.33M,-1.28%
2019年12月30日,6.27,6.3,6.58,6.15,246.52M,-1.42%
2019年12月27日,6.36,6.2,6.44,5.97,372.04M,8.72%
2019年12月26日,5.85,5.48,5.85,5.38,157.35M,9.96%
2019年12月25日,5.32,4.85,5.32,4.82,151.67M,9.92%
2019年12月24日,4.84,4.88,4.99,4.79,55.11M,3.86%
2019年12月23日,4.66,4.78,4.83,4.65,24.36M,-2.92%
2019年12月20日,4.8,4.83,4.89,4.77,30.41M,-0.21%
2019年12月19日,4.81,4.77,4.83,4.75,22.24M,0.84%
2019年12月18日,4.77,4.8,4.86,4.74,25.60M,-0.63%
2019年12月17日,4.8,4.71,4.84,4.7,35.23M,1.48%
2019年12月16日,4.73,4.68,4.74,4.66,26.55M,1.50%
2019年12月13日,4.66,4.64,4.67,4.62,20.42M,1.30%
2019年12月12日,4.6,4.64,4.66,4.58,15.42M,-0.86%
2019年12月11日,4.64,4.64,4.69,4.57,25.25M,-0.85%
2019年12月10日,4.68,4.5,4.69,4.49,30.13M,3.54%
2019年12月9日,4.52,4.56,4.58,4.5,15.47M,-1.31%
2019年12月6日,4.58,4.52,4.61,4.48,17.65M,1.33%
2019年12月5日,4.52,4.5,4.53,4.49,10.95M,0.67%
2019年12月4日,4.49,4.47,4.49,4.45,8.26M,0.22%
2019年12月3日,4.48,4.47,4.48,4.44,5.66M,0.00%
2019年12月2日,4.48,4.47,4.5,4.44,6.82M,0.22%
2019年11月29日,4.47,4.47,4.48,4.42,7.32M,0.45%
2019年11月28日,4.45,4.51,4.51,4.45,7.72M,-1.11%
2019年11月27日,4.5,4.48,4.52,4.45,10.10M,0.67%
2019年11月26日,4.47,4.5,4.52,4.46,7.70M,-0.22%
2019年11月25日,4.48,4.49,4.51,4.42,10.50M,0.00%
2019年11月22日,4.48,4.49,4.57,4.46,14.85M,0.00%
2019年11月21日,4.48,4.5,4.51,4.46,8.19M,-0.44%
2019年11月20日,4.5,4.54,4.56,4.48,9.87M,-0.88%
2019年11月19日,4.54,4.51,4.54,4.49,11.85M,0.89%
2019年11月18日,4.5,4.48,4.53,4.41,9.00M,1.12%
2019年11月15日,4.45,4.49,4.53,4.45,9.80M,-0.89%
2019年11月14日,4.49,4.48,4.52,4.47,9.38M,0.22%
2019年11月13日,4.48,4.54,4.55,4.47,13.14M,-1.32%
2019年11月12日,4.54,4.57,4.64,4.49,16.24M,-1.30%
2019年11月11日,4.6,4.77,4.77,4.56,33.02M,-4.17%
2019年11月8日,4.8,4.71,4.82,4.69,37.08M,3.00%
2019年11月7日,4.66,4.7,4.74,4.63,12.90M,-0.43%
2019年11月6日,4.68,4.63,4.74,4.63,19.41M,0.65%
2019年11月5日,4.65,4.63,4.69,4.58,12.39M,0.65%
2019年11月4日,4.62,4.62,4.67,4.61,12.03M,0.00%
2019年11月1日,4.62,4.55,4.63,4.52,10.25M,1.32%
2019年10月31日,4.56,4.61,4.64,4.54,13.28M,-1.08%
2019年10月30日,4.61,4.66,4.69,4.61,14.97M,-1.07%
2019年10月29日,4.66,4.8,4.8,4.66,19.44M,-2.71%
2019年10月28日,4.79,4.84,4.86,4.74,30.49M,-0.21%
2019年10月25日,4.8,4.76,4.8,4.71,22.75M,1.27%
2019年10月24日,4.74,4.65,4.76,4.6,21.93M,1.72%
2019年10月23日,4.66,4.65,4.73,4.64,13.82M,0.43%
2019年10月22日,4.64,4.6,4.65,4.58,11.35M,0.87%
2019年10月21日,4.6,4.63,4.65,4.56,10.90M,-1.08%
2019年10月18日,4.65,4.69,4.8,4.63,14.56M,-1.48%
2019年10月17日,4.72,4.8,4.8,4.7,13.54M,-1.05%
2019年10月16日,4.77,4.75,4.85,4.75,23.52M,0.21%
2019年10月15日,4.76,4.76,4.8,4.71,20.40M,0.21%
2019年10月14日,4.75,4.71,4.78,4.69,23.29M,2.15%
2019年10月11日,4.65,4.64,4.68,4.58,13.73M,0.22%
2019年10月10日,4.64,4.63,4.66,4.6,14.21M,0.43%
2019年10月9日,4.62,4.55,4.65,4.5,15.86M,0.65%
2019年10月8日,4.59,4.54,4.66,4.5,25.86M,4.08%
2019年9月30日,4.41,4.51,4.52,4.41,12.12M,-2.00%
2019年9月27日,4.5,4.49,4.54,4.46,11.38M,1.35%
2019年9月26日,4.44,4.53,4.57,4.4,16.67M,-1.99%
2019年9月25日,4.53,4.58,4.6,4.53,15.19M,-0.66%
2019年9月24日,4.56,4.6,4.63,4.53,20.17M,-0.87%
2019年9月23日,4.6,4.7,4.71,4.53,24.06M,-2.54%
2019年9月20日,4.72,4.71,4.76,4.67,16.85M,0.43%
2019年9月19日,4.7,4.68,4.71,4.66,13.69M,0.86%
2019年9月18日,4.66,4.72,4.74,4.66,15.82M,-1.06%
2019年9月17日,4.71,4.86,4.86,4.66,26.80M,-3.09%
2019年9月16日,4.86,4.92,4.93,4.85,24.56M,-1.22%
2019年9月12日,4.92,4.9,4.94,4.87,22.95M,1.23%
2019年9月11日,4.86,4.95,4.97,4.86,22.51M,-1.42%
2019年9月10日,4.93,4.95,4.97,4.86,24.82M,-0.20%
2019年9月9日,4.94,4.95,4.96,4.87,27.85M,1.02%
2019年9月6日,4.89,4.88,4.93,4.83,23.77M,0.20%
2019年9月5日,4.88,4.89,4.96,4.83,44.50M,0.00%
2019年9月4日,4.88,4.74,4.89,4.71,39.43M,2.31%
2019年9月3日,4.77,4.75,4.8,4.7,19.50M,1.06%
2019年9月2日,4.72,4.62,4.77,4.62,21.72M,2.61%
2019年8月30日,4.6,4.8,4.8,4.57,32.07M,-4.17%
2019年8月29日,4.8,4.8,4.85,4.72,25.43M,0.84%
2019年8月28日,4.76,4.93,4.94,4.75,36.06M,-3.64%
2019年8月27日,4.94,4.98,5.03,4.9,66.62M,-2.56%
2019年8月26日,5.07,4.8,5.16,4.73,90.57M,6.29%
2019年8月23日,4.77,4.8,4.85,4.72,28.48M,0.21%
2019年8月22日,4.76,4.82,4.84,4.72,28.82M,0.42%
2019年8月21日,4.74,4.7,4.83,4.66,39.28M,0.00%
2019年8月20日,4.74,4.78,4.91,4.69,75.36M,0.00%
2019年8月19日,4.74,4.5,4.74,4.5,71.02M,9.98%
2019年8月16日,4.31,4.3,4.36,4.27,14.63M,0.23%
2019年8月15日,4.3,4.2,4.31,4.17,17.54M,-1.15%
2019年8月14日,4.35,4.28,4.44,4.25,23.93M,3.08%
2019年8月13日,4.22,4.23,4.26,4.2,8.42M,-1.17%
2019年8月12日,4.27,4.22,4.27,4.18,9.44M,1.18%
2019年8月9日,4.22,4.3,4.33,4.21,10.15M,-1.40%
2019年8月8日,4.28,4.3,4.31,4.25,12.30M,0.47%
2019年8月7日,4.26,4.35,4.36,4.24,13.79M,-0.93%
2019年8月6日,4.3,4.45,4.47,4.22,25.24M,-5.08%
2019年8月5日,4.53,4.65,4.7,4.53,17.42M,-3.00%
2019年8月2日,4.67,4.65,4.73,4.6,23.95M,-2.10%
2019年8月1日,4.77,4.67,4.89,4.65,28.35M,1.92%
2019年7月31日,4.68,4.75,4.75,4.6,20.80M,-2.30%
2019年7月30日,4.79,4.72,4.83,4.71,22.59M,1.27%
2019年7月29日,4.73,4.68,4.74,4.64,16.75M,0.64%
2019年7月26日,4.7,4.68,4.7,4.63,12.24M,0.43%
2019年7月25日,4.68,4.71,4.75,4.62,19.20M,-0.85%
2019年7月24日,4.72,4.59,4.82,4.56,28.96M,3.96%
2019年7月23日,4.54,4.51,4.56,4.5,6.59M,0.89%
2019年7月22日,4.5,4.65,4.66,4.48,12.14M,-3.02%
2019年7月19日,4.64,4.6,4.69,4.6,9.52M,1.09%
2019年7月18日,4.59,4.66,4.66,4.58,9.41M,-1.50%
2019年7月17日,4.66,4.67,4.69,4.63,9.01M,0.00%
2019年7月16日,4.66,4.62,4.68,4.61,9.94M,0.65%
2019年7月15日,4.63,4.62,4.65,4.5,15.09M,1.76%
2019年7月12日,4.55,4.56,4.58,4.52,7.86M,0.00%
2019年7月11日,4.55,4.58,4.64,4.53,10.65M,-0.22%
2019年7月10日,4.56,4.62,4.63,4.53,9.28M,-1.30%
2019年7月9日,4.62,4.6,4.64,4.57,9.49M,0.65%
2019年7月8日,4.59,4.8,4.8,4.59,19.97M,-4.38%
2019年7月5日,4.8,4.82,4.82,4.73,8.26M,0.42%
2019年7月4日,4.78,4.83,4.86,4.77,10.66M,-0.62%
2019年7月3日,4.81,4.9,4.9,4.77,15.24M,-1.84%
2019年7月2日,4.9,4.88,4.91,4.87,19.34M,0.41%
2019年7月1日,4.88,4.92,4.92,4.84,22.35M,2.52%
2019年6月28日,4.76,4.83,4.91,4.75,13.75M,-1.45%
2019年6月27日,4.83,4.84,4.92,4.81,16.04M,-0.21%
2019年6月26日,4.84,4.92,4.95,4.82,30.90M,-2.42%
2019年6月25日,4.96,4.83,5.05,4.72,48.05M,2.90%
2019年6月24日,4.82,4.91,4.92,4.79,15.69M,-1.23%
2019年6月21日,4.88,4.84,4.91,4.84,23.04M,1.24%
2019年6月20日,4.82,4.71,4.83,4.67,21.71M,2.34%
2019年6月19日,4.71,4.73,4.81,4.69,20.23M,1.95%
2019年6月18日,4.62,4.65,4.68,4.57,13.93M,-0.65%
2019年6月17日,4.65,4.67,4.73,4.62,12.02M,-0.64%
2019年6月14日,4.68,4.8,4.83,4.67,19.59M,-2.50%
2019年6月13日,4.8,4.74,4.84,4.72,21.06M,0.84%
2019年6月12日,4.76,4.78,4.85,4.72,23.85M,-0.42%
2019年6月11日,4.78,4.59,4.8,4.55,26.55M,4.14%
2019年6月10日,4.59,4.47,4.62,4.47,18.30M,2.68%
2019年6月6日,4.47,4.63,4.64,4.46,19.46M,-3.66%
2019年6月5日,4.64,4.7,4.74,4.63,13.80M,-0.43%
2019年6月4日,4.66,4.73,4.76,4.62,15.84M,-0.85%
2019年6月3日,4.7,4.83,4.88,4.68,21.16M,-2.69%
2019年5月31日,4.83,4.89,4.92,4.82,17.59M,-1.02%
2019年5月30日,4.88,4.9,4.9,4.81,23.56M,-1.21%
2019年5月29日,4.94,4.8,4.96,4.79,33.31M,2.07%
2019年5月28日,4.84,4.84,4.95,4.82,30.84M,0.21%
2019年5月27日,4.83,4.73,4.84,4.67,24.59M,2.33%
2019年5月24日,4.72,4.75,4.81,4.67,26.22M,-2.68%
2019年5月23日,4.85,4.83,4.97,4.77,52.41M,1.89%
2019年5月22日,4.76,4.86,4.91,4.7,30.58M,-2.86%
2019年5月21日,4.9,4.67,5,4.65,37.35M,5.38%
2019年5月20日,4.65,4.71,4.72,4.53,18.79M,-0.43%
2019年5月17日,4.67,4.93,4.94,4.65,30.54M,-5.08%
2019年5月16日,4.92,4.82,4.96,4.79,30.49M,1.65%
2019年5月15日,4.84,4.79,4.91,4.77,26.21M,2.54%
2019年5月14日,4.72,4.69,4.85,4.67,23.01M,-0.63%
2019年5月13日,4.75,4.73,4.8,4.69,22.12M,-0.63%
2019年5月10日,4.78,4.71,4.8,4.41,38.88M,3.46%
2019年5月9日,4.62,4.78,4.83,4.58,32.30M,-3.75%
2019年5月8日,4.8,4.83,4.92,4.73,35.60M,-3.03%
2019年5月7日,4.95,4.96,5.04,4.84,34.46M,1.02%
2019年5月6日,4.9,5,5.22,4.83,63.97M,-20.71%
2019年5月3日,6.18,6.18,6.18,6.18,-,0.00%
2019年5月1日,6.18,6.18,6.18,6.18,-,20.00%
2019年4月30日,5.15,4.91,5.28,4.88,47.89M,6.63%
2019年4月29日,4.83,5.17,5.2,4.78,49.75M,-6.21%
2019年4月26日,5.15,5.11,5.24,5.11,29.50M,-0.39%
2019年4月25日,5.17,5.52,5.53,5.17,56.86M,-6.51%
2019年4月24日,5.53,5.5,5.57,5.44,32.57M,1.10%
2019年4月23日,5.47,5.65,5.67,5.42,59.67M,-4.20%
2019年4月22日,5.71,6,6.03,5.71,88.70M,-3.06%
2019年4月19日,5.89,5.56,6.07,5.47,125.64M,6.51%
2019年4月18日,5.53,5.59,5.62,5.51,30.48M,-0.72%
2019年4月17日,5.57,5.57,5.62,5.53,33.08M,0.18%
2019年4月16日,5.56,5.42,5.59,5.35,39.46M,1.46%
2019年4月15日,5.48,5.59,5.71,5.47,44.34M,0.18%
2019年4月12日,5.47,5.54,5.58,5.39,25.72M,-0.36%
2019年4月11日,5.49,5.66,5.67,5.46,44.43M,-2.49%
2019年4月10日,5.63,5.6,5.71,5.55,43.38M,-1.57%
2019年4月9日,5.72,5.72,5.87,5.57,49.40M,-0.17%
2019年4月8日,5.73,6.01,6.12,5.65,104.61M,-4.34%
2019年4月4日,5.99,5.82,6.13,5.72,107.43M,3.63%
2019年4月3日,5.78,5.83,5.83,5.7,62.22M,-0.86%
2019年4月2日,5.83,5.78,5.94,5.69,91.14M,1.75%
2019年4月1日,5.73,5.64,5.78,5.6,70.47M,2.50%
2019年3月29日,5.59,5.44,5.6,5.27,68.57M,3.14%
2019年3月28日,5.42,5.59,5.65,5.42,59.10M,-3.73%
2019年3月27日,5.63,5.82,5.83,5.41,65.04M,-1.40%
2019年3月26日,5.71,6.08,6.1,5.63,109.81M,-5.15%
2019年3月25日,6.02,6.14,6.34,5.96,120.80M,-4.44%
2019年3月22日,6.3,6.3,6.39,6.06,138.18M,2.44%
2019年3月21日,6.15,5.69,6.31,5.67,188.96M,7.33%
2019年3月20日,5.73,5.48,5.83,5.46,119.79M,4.75%
2019年3月19日,5.47,5.38,5.53,5.28,76.40M,0.92%
2019年3月18日,5.42,5.5,5.57,5.3,82.72M,2.65%
2019年3月15日,5.28,5.26,5.39,5.21,66.21M,2.13%
2019年3月14日,5.17,5.42,5.56,5.1,96.58M,-6.17%
2019年3月13日,5.51,5.77,5.87,5.33,151.14M,-1.96%
2019年3月12日,5.62,5.42,5.79,5.34,129.65M,5.24%
2019年3月11日,5.34,5.17,5.38,5.16,88.61M,5.33%
2019年3月8日,5.07,5.17,5.47,5.07,122.76M,-5.41%
2019年3月7日,5.36,5.12,5.57,5.09,166.64M,3.47%
2019年3月6日,5.18,5.12,5.4,5.01,173.32M,5.50%
2019年3月5日,4.91,4.47,4.91,4.43,78.17M,10.09%
2019年3月4日,4.46,4.54,4.65,4.42,81.13M,1.36%
2019年3月1日,4.4,4.33,4.42,4.28,48.06M,2.33%
2019年2月28日,4.3,4.36,4.41,4.29,39.54M,-1.38%
2019年2月27日,4.36,4.33,4.46,4.27,54.91M,0.69%
2019年2月26日,4.33,4.38,4.5,4.3,68.92M,-1.14%
2019年2月25日,4.38,4.22,4.39,4.18,79.81M,6.31%
2019年2月22日,4.12,4,4.14,3.97,36.22M,3.00%
2019年2月21日,4,4.02,4.12,3.98,32.08M,-0.50%
2019年2月20日,4.02,4.07,4.07,3.98,30.12M,-1.47%
2019年2月19日,4.08,4.05,4.23,4.01,54.05M,2.77%
2019年2月18日,3.97,3.87,3.98,3.87,34.15M,3.12%
2019年2月15日,3.85,3.81,4.01,3.77,37.52M,1.32%
2019年2月14日,3.8,3.81,3.88,3.77,23.42M,0.00%
2019年2月13日,3.8,3.67,3.82,3.65,34.01M,3.54%
2019年2月12日,3.67,3.61,3.69,3.61,18.22M,1.66%
2019年2月11日,3.61,3.57,3.62,3.55,14.42M,2.27%
2019年2月1日,3.53,3.41,3.55,3.4,14.55M,4.13%
2019年1月31日,3.39,3.48,3.49,3.35,17.35M,-1.74%
2019年1月30日,3.45,3.48,3.51,3.43,11.60M,-1.15%
2019年1月29日,3.49,3.52,3.54,3.4,16.75M,-0.85%
2019年1月28日,3.52,3.58,3.62,3.52,16.53M,-1.40%
2019年1月25日,3.57,3.58,3.62,3.57,11.35M,-0.28%
2019年1月24日,3.58,3.62,3.62,3.57,11.97M,0.00%
2019年1月23日,3.58,3.58,3.64,3.55,12.27M,0.00%
2019年1月22日,3.58,3.68,3.68,3.54,24.12M,-3.50%
2019年1月21日,3.71,3.71,3.73,3.67,18.14M,0.54%
2019年1月18日,3.69,3.66,3.7,3.61,19.34M,1.10%
2019年1月17日,3.65,3.71,3.75,3.64,17.87M,-1.88%
2019年1月16日,3.72,3.77,3.77,3.69,19.20M,-1.33%
2019年1月15日,3.77,3.77,3.8,3.7,21.90M,1.07%
2019年1月14日,3.73,3.75,3.77,3.7,13.15M,0.00%
2019年1月11日,3.73,3.71,3.73,3.67,14.53M,0.54%
2019年1月10日,3.71,3.75,3.77,3.67,12.93M,-0.54%
2019年1月9日,3.73,3.79,3.81,3.72,21.55M,-1.06%
2019年1月8日,3.77,3.72,3.8,3.7,20.23M,1.62%
2019年1月7日,3.71,3.69,3.77,3.67,20.25M,1.92%
2019年1月4日,3.64,3.5,3.66,3.48,16.86M,3.12%
2019年1月3日,3.53,3.57,3.64,3.52,12.07M,-1.40%
2019年1月2日,3.58,3.62,3.67,3.55,12.23M,-0.28%
2018年12月28日,3.59,3.63,3.66,3.58,10.92M,0.28%
2018年12月27日,3.58,3.77,3.77,3.58,13.09M,-3.24%
2018年12月26日,3.7,3.66,3.74,3.64,12.75M,0.82%
2018年12月25日,3.67,3.77,3.78,3.52,22.25M,-3.67%
2018年12月24日,3.81,3.76,3.82,3.75,8.71M,1.33%
2018年12月21日,3.76,3.81,3.83,3.73,13.07M,-1.83%
2018年12月20日,3.83,3.8,3.87,3.77,13.42M,0.79%
2018年12月19日,3.8,3.88,3.88,3.79,12.02M,-1.81%
2018年12月18日,3.87,3.88,3.91,3.8,13.20M,-0.26%
2018年12月17日,3.88,3.84,3.91,3.77,15.71M,1.31%
2018年12月14日,3.83,4.02,4.03,3.82,17.94M,-4.73%
2018年12月13日,4.02,4,4.05,3.94,14.16M,1.26%
2018年12月12日,3.97,3.95,3.99,3.92,9.94M,1.28%
2018年12月11日,3.92,3.92,3.96,3.88,9.58M,0.00%
2018年12月10日,3.92,3.98,3.98,3.88,12.00M,-1.51%
2018年12月7日,3.98,3.98,4.05,3.97,9.72M,0.00%
2018年12月6日,3.98,4.07,4.08,3.96,22.99M,-3.16%
2018年12月5日,4.11,4.07,4.14,4,29.80M,-1.67%
2018年12月4日,4.18,4.11,4.21,4.08,37.19M,2.20%
2018年12月3日,4.09,4.11,4.16,4.04,31.12M,2.76%
2018年11月30日,3.98,3.93,3.99,3.82,18.68M,1.79%
2018年11月29日,3.91,4.1,4.13,3.91,24.18M,-3.93%
2018年11月28日,4.07,4.08,4.08,3.95,25.43M,-0.73%
2018年11月27日,4.1,4.04,4.14,4.03,36.51M,2.50%
2018年11月26日,4,4.03,4.08,3.96,26.50M,0.25%
2018年11月23日,3.99,4.21,4.22,3.95,55.26M,-6.78%
2018年11月22日,4.28,4.29,4.33,4.17,42.14M,0.71%
2018年11月21日,4.25,4.22,4.36,4.2,59.98M,-0.23%
2018年11月20日,4.26,4.39,4.46,4.18,86.87M,-4.91%
2018年11月19日,4.48,4.72,4.72,4.44,112.12M,-2.61%
2018年11月16日,4.6,4.17,4.6,4.06,150.47M,10.05%
2018年11月15日,4.18,3.83,4.18,3.83,90.02M,10.00%
2018年11月14日,3.8,3.79,3.9,3.75,29.17M,0.00%
2018年11月13日,3.8,3.67,3.86,3.64,31.14M,2.43%
2018年11月12日,3.71,3.58,3.71,3.55,21.33M,3.63%
2018年11月9日,3.58,3.56,3.63,3.56,17.88M,0.00%
2018年11月8日,3.58,3.62,3.64,3.55,16.02M,-0.28%
2018年11月7日,3.59,3.64,3.71,3.58,31.57M,-2.18%
2018年11月6日,3.67,3.64,3.73,3.53,44.58M,2.51%
2018年11月5日,3.58,3.46,3.58,3.42,31.42M,3.77%
2018年11月2日,3.45,3.42,3.46,3.41,17.79M,2.68%
2018年11月1日,3.36,3.38,3.42,3.33,15.46M,0.30%
2018年10月31日,3.35,3.33,3.39,3.33,11.48M,0.60%
2018年10月30日,3.33,3.27,3.38,3.26,12.62M,0.60%
2018年10月29日,3.31,3.37,3.4,3.3,11.10M,-1.78%
2018年10月26日,3.37,3.3,3.48,3.3,20.53M,2.12%
2018年10月25日,3.3,3.22,3.31,3.15,11.71M,0.30%
2018年10月24日,3.29,3.27,3.33,3.24,10.53M,0.61%
2018年10月23日,3.27,3.3,3.34,3.23,13.13M,-1.51%
2018年10月22日,3.32,3.14,3.35,3.14,23.41M,6.41%
2018年10月19日,3.12,2.99,3.17,2.95,13.64M,3.31%
2018年10月18日,3.02,3.1,3.1,3,13.42M,-2.89%
2018年10月17日,3.11,3.04,3.11,3,20.24M,2.98%
2018年10月16日,3.02,3.19,3.22,2.92,30.68M,-4.13%
2018年10月15日,3.15,3.3,3.34,3.15,14.92M,-3.67%
2018年10月12日,3.27,3.29,3.37,3.11,27.33M,-3.25%
2018年10月11日,3.38,3.62,3.66,3.38,28.39M,-10.11%
2018年10月10日,3.76,3.77,3.79,3.73,6.17M,-0.27%
2018年10月9日,3.77,3.75,3.8,3.73,7.98M,0.53%
2018年10月8日,3.75,3.83,3.83,3.73,11.46M,-3.10%
2018年9月28日,3.87,3.83,3.88,3.83,9.07M,1.04%
2018年9月27日,3.83,3.92,3.92,3.82,11.59M,-2.05%
2018年9月26日,3.91,3.92,3.96,3.86,18.54M,-1.76%
2018年9月25日,3.98,3.9,3.98,3.87,14.74M,1.53%
2018年9月21日,3.92,3.9,3.94,3.84,13.84M,0.51%
2018年9月20日,3.9,3.85,4,3.83,18.58M,1.30%
2018年9月19日,3.85,3.8,3.87,3.76,11.26M,1.32%
2018年9月18日,3.8,3.75,3.81,3.72,8.64M,0.80%
2018年9月17日,3.77,3.83,3.83,3.74,7.00M,-1.57%
2018年9月14日,3.83,3.8,3.85,3.8,11.06M,0.52%
2018年9月13日,3.81,3.81,3.82,3.77,7.72M,1.06%
2018年9月12日,3.77,3.77,3.79,3.74,5.73M,0.00%
2018年9月11日,3.77,3.75,3.79,3.73,7.23M,0.80%
2018年9月10日,3.74,3.83,3.85,3.73,10.58M,-2.09%
2018年9月7日,3.82,3.82,3.88,3.79,10.77M,0.79%
2018年9月6日,3.79,3.82,3.84,3.77,7.18M,-0.79%
2018年9月5日,3.82,3.86,3.87,3.77,8.94M,-1.29%
2018年9月4日,3.87,3.83,3.88,3.83,9.91M,1.04%
2018年9月3日,3.83,3.87,3.87,3.79,7.41M,-0.52%
2018年8月31日,3.85,3.85,3.9,3.84,6.71M,0.00%
2018年8月30日,3.85,3.92,3.92,3.84,8.40M,-1.28%
2018年8月29日,3.9,3.92,3.93,3.87,6.49M,-0.51%
2018年8月28日,3.92,3.91,3.94,3.89,7.53M,0.00%
2018年8月27日,3.92,3.86,3.92,3.86,7.53M,1.82%
2018年8月24日,3.85,3.87,3.88,3.83,5.93M,-0.77%
2018年8月23日,3.88,3.86,3.9,3.83,6.29M,0.26%
2018年8月22日,3.87,3.87,3.92,3.83,5.94M,-0.51%
2018年8月21日,3.89,3.88,3.92,3.84,5.64M,0.52%
2018年8月20日,3.87,3.82,3.88,3.8,7.47M,1.57%
2018年8月17日,3.81,3.96,3.96,3.81,8.05M,-2.31%
2018年8月16日,3.9,3.88,3.95,3.86,5.49M,-0.51%
2018年8月15日,3.92,4.03,4.03,3.92,7.79M,-2.49%
2018年8月14日,4.02,4.01,4.08,3.98,7.84M,0.00%
2018年8月13日,4.02,4,4.03,3.93,9.01M,-0.25%
2018年8月10日,4.03,4.03,4.04,3.98,8.41M,0.75%
2018年8月9日,4,3.88,4.03,3.88,12.43M,2.04%
2018年8月8日,3.92,3.93,3.96,3.9,8.59M,-0.25%
2018年8月7日,3.93,3.85,3.93,3.82,9.77M,2.61%
2018年8月6日,3.83,3.9,3.93,3.82,8.78M,-2.05%
2018年8月3日,3.91,3.97,4.01,3.91,8.23M,-1.26%
2018年8月2日,3.96,4.12,4.12,3.88,14.95M,-3.88%
2018年8月1日,4.12,4.19,4.25,4.08,11.02M,-1.44%
2018年7月31日,4.18,4.15,4.21,4.13,6.77M,0.97%
2018年7月30日,4.14,4.22,4.25,4.13,11.25M,-1.90%
2018年7月27日,4.22,4.28,4.29,4.22,10.41M,-1.63%
2018年7月26日,4.29,4.27,4.33,4.26,15.24M,0.47%
2018年7月25日,4.27,4.31,4.32,4.24,13.27M,-0.70%
2018年7月24日,4.3,4.22,4.32,4.22,18.48M,1.65%
2018年7月23日,4.23,4.19,4.27,4.17,13.46M,0.71%
2018年7月20日,4.2,4.15,4.24,4.09,14.48M,1.45%
2018年7月19日,4.14,4.22,4.29,4.14,15.31M,-3.27%
2018年7月18日,4.28,4.29,4.4,4.27,23.92M,-1.15%
2018年7月17日,4.33,4.17,4.42,4.08,31.17M,3.84%
2018年7月16日,4.17,4.11,4.22,4.05,16.27M,1.46%
2018年7月13日,4.11,4.09,4.12,4.07,12.54M,0.74%
2018年7月12日,4.08,3.98,4.1,3.98,15.07M,2.26%
2018年7月11日,3.99,4.05,4.05,3.93,11.72M,-2.21%
2018年7月10日,4.08,4.08,4.11,4.02,12.52M,0.74%
2018年7月9日,4.05,3.93,4.09,3.93,12.75M,3.05%
2018年7月6日,3.93,3.95,4.03,3.75,14.85M,0.00%
2018年7月5日,3.93,4.05,4.08,3.9,14.07M,-1.50%
2018年7月4日,3.99,4.05,4.08,3.93,11.92M,-1.97%
2018年7月3日,4.07,3.98,4.08,3.95,11.07M,2.26%
2018年7月2日,3.98,4.08,4.1,3.93,11.37M,-2.45%
2018年6月29日,4.08,3.98,4.12,3.94,18.45M,2.51%
2018年6月28日,3.98,4.01,4.05,3.97,9.88M,-0.75%
2018年6月27日,4.01,4.06,4.08,3.97,11.87M,-1.47%
2018年6月26日,4.07,3.99,4.11,3.97,9.78M,0.99%
2018年6月25日,4.03,4.08,4.11,4.01,8.17M,0.00%
2018年6月22日,4.03,3.96,4.04,3.91,12.13M,2.81%
2018年6月21日,3.92,4.04,4.12,3.92,16.23M,-2.97%
2018年6月20日,4.04,4.01,4.12,3.98,16.50M,-0.25%
2018年6月19日,4.05,4.45,4.45,4.05,36.74M,-10.00%
2018年6月15日,4.5,4.62,4.62,4.46,11.67M,-2.60%
2018年6月14日,4.62,4.67,4.67,4.58,10.58M,-1.07%
2018年6月13日,4.67,4.72,4.72,4.63,7.18M,-1.06%
2018年6月12日,4.72,4.69,4.73,4.64,8.36M,1.07%
2018年6月11日,4.67,4.7,4.74,4.65,10.00M,-0.21%
2018年6月8日,4.68,4.82,4.84,4.66,12.77M,-2.70%
2018年6月7日,4.81,4.83,4.88,4.8,6.83M,-0.41%
2018年6月6日,4.83,4.83,4.85,4.8,7.53M,0.00%
2018年6月5日,4.83,4.75,4.83,4.72,8.12M,1.68%
2018年6月4日,4.75,4.76,4.78,4.71,6.58M,0.64%
2018年6月1日,4.72,4.78,4.8,4.71,8.98M,-1.26%
2018年5月31日,4.78,4.77,4.8,4.72,9.44M,1.49%
2018年5月30日,4.71,4.86,4.86,4.69,18.40M,-4.27%
2018年5月29日,4.92,4.86,4.96,4.86,12.51M,-0.20%
2018年5月28日,4.93,5.01,5.03,4.92,11.26M,-1.40%
2018年5月25日,5,5.06,5.08,4.98,14.77M,-1.38%
2018年5月24日,5.07,5.11,5.12,5.06,9.67M,-0.20%
2018年5月23日,5.08,5.15,5.17,5.08,14.13M,-1.93%
2018年5月22日,5.18,5.2,5.21,5.12,14.07M,-0.19%
2018年5月21日,5.19,5.22,5.27,5.17,25.99M,-0.19%
2018年5月18日,5.2,5.04,5.28,5.01,28.05M,2.77%
2018年5月17日,5.06,5.09,5.11,5.03,13.74M,-0.78%
2018年5月16日,5.1,5.12,5.19,5.05,27.29M,-0.78%
2018年5月15日,5.14,5.11,5.21,5.1,21.92M,0.98%
2018年5月14日,5.09,5.08,5.17,5.07,17.22M,0.00%
2018年5月11日,5.09,5.08,5.18,5.06,22.56M,0.39%
2018年5月10日,5.07,5.05,5.1,5.02,17.08M,0.80%
2018年5月9日,5.03,5.06,5.08,5,10.15M,-0.79%
2018年5月8日,5.07,4.94,5.07,4.94,14.60M,2.01%
2018年5月7日,4.97,4.88,4.99,4.88,12.46M,1.84%
2018年5月4日,4.88,4.86,4.93,4.83,9.88M,0.41%
2018年5月3日,4.86,4.86,4.88,4.75,12.74M,0.62%
2018年5月2日,4.83,4.88,4.91,4.8,12.90M,-0.41%
2018年4月27日,4.85,4.89,4.94,4.85,9.51M,-0.41%
2018年4月26日,4.87,4.99,5,4.84,12.44M,-2.40%
2018年4月25日,4.99,4.98,5.02,4.96,10.34M,-0.40%
2018年4月24日,5.01,4.92,5.03,4.92,11.85M,2.04%
2018年4月23日,4.91,5.03,5.06,4.88,15.07M,-1.80%
2018年4月20日,5,5.05,5.11,4.97,14.45M,-1.57%
2018年4月19日,5.08,5.07,5.21,5.07,16.55M,-0.20%
2018年4月18日,5.09,5.06,5.12,4.93,17.56M,1.19%
2018年4月17日,5.03,5.23,5.23,5.03,27.59M,-3.82%
2018年4月16日,5.23,5.23,5.42,5.2,42.34M,2.35%
2018年4月13日,5.11,5.21,5.24,5.09,20.48M,-2.11%
2018年4月12日,5.22,5.21,5.25,5.16,20.80M,0.58%
2018年4月11日,5.19,5.24,5.24,5.18,16.51M,-0.76%
2018年4月10日,5.23,5.28,5.29,5.15,30.03M,-1.13%
2018年4月9日,5.29,5.22,5.29,5.14,35.04M,1.34%
2018年4月4日,5.22,5.13,5.27,5.12,34.22M,1.16%
2018年4月3日,5.16,4.99,5.18,4.92,38.65M,1.98%
2018年4月2日,5.06,5,5.13,4.99,25.35M,0.00%
2018年3月30日,5.06,5.07,5.08,4.97,21.74M,0.20%
2018年3月29日,5.05,5.01,5.06,4.98,14.77M,1.00%
2018年3月28日,5,4.97,5.06,4.93,13.70M,-0.60%
2018年3月27日,5.03,4.98,5.06,4.96,19.94M,2.24%
2018年3月26日,4.92,4.79,4.95,4.67,22.92M,1.23%
2018年3月23日,4.86,5,5.1,4.75,38.67M,-7.25%
2018年3月22日,5.24,5.25,5.33,5.22,17.48M,-0.76%
2018年3月21日,5.28,5.33,5.42,5.26,26.07M,-1.86%
2018年3月20日,5.38,5.43,5.49,5.34,40.83M,1.32%
2018年3月19日,5.31,5.31,5.35,5.22,26.11M,0.00%
2018年3月16日,5.31,5.19,5.5,5.17,42.81M,1.72%
2018年3月15日,5.22,5.26,5.27,5.12,24.91M,-1.14%
2018年3月14日,5.28,5.32,5.46,5.27,31.12M,-1.31%
2018年3月13日,5.35,5.38,5.51,5.33,55.11M,1.33%
2018年3月12日,5.28,5.27,5.32,5.17,37.68M,1.15%
2018年3月9日,5.22,5.11,5.25,5.07,25.01M,1.95%
2018年3月8日,5.12,5.07,5.14,5.06,14.34M,0.99%
2018年3月7日,5.07,5.08,5.13,5.05,19.65M,-0.59%
2018年3月6日,5.1,4.98,5.11,4.98,27.88M,2.62%
2018年3月5日,4.97,5,5.03,4.94,16.34M,-0.60%
2018年3月2日,5,5.04,5.12,5,21.82M,-1.57%
2018年3月1日,5.08,4.99,5.13,4.97,23.76M,0.99%
2018年2月28日,5.03,4.89,5.12,4.83,28.31M,2.24%
2018年2月27日,4.92,4.97,4.97,4.88,16.18M,-0.61%
2018年2月26日,4.95,4.85,4.98,4.81,23.36M,2.48%
2018年2月23日,4.83,4.77,4.86,4.77,14.10M,1.26%
2018年2月22日,4.77,4.76,4.86,4.73,20.38M,1.27%
2018年2月14日,4.71,4.67,4.71,4.61,12.00M,0.86%
2018年2月13日,4.67,4.78,4.82,4.65,16.84M,-1.27%
2018年2月12日,4.73,4.67,4.8,4.59,20.88M,0.85%
2018年2月9日,4.69,4.72,4.79,4.61,24.23M,-3.30%
2018年2月8日,4.85,4.49,4.86,4.49,29.02M,7.30%
2018年2月7日,4.52,4.58,4.62,4.42,30.59M,1.12%
2018年2月6日,4.47,4.9,4.96,4.47,32.38M,-10.06%
2018年2月5日,4.97,4.88,5.04,4.85,15.03M,-0.20%
2018年2月2日,4.98,4.97,5.02,4.75,23.37M,1.01%
2018年2月1日,4.93,5.3,5.33,4.88,44.82M,-6.63%
2018年1月31日,5.28,5.52,5.53,5.27,30.66M,-4.35%
2018年1月30日,5.52,5.53,5.6,5.5,12.75M,-0.18%
2018年1月29日,5.53,5.61,5.65,5.52,23.56M,-2.12%
2018年1月26日,5.65,5.69,5.71,5.65,14.13M,-1.05%
2018年1月25日,5.71,5.62,5.78,5.62,27.05M,1.06%
2018年1月24日,5.65,5.68,5.68,5.6,22.64M,-0.70%
2018年1月23日,5.69,5.68,5.7,5.65,16.17M,0.35%
2018年1月22日,5.67,5.62,5.71,5.62,16.47M,0.35%
2018年1月19日,5.65,5.65,5.69,5.62,15.40M,-0.35%
2018年1月18日,5.67,5.66,5.71,5.61,17.19M,0.18%
2018年1月17日,5.66,5.65,5.67,5.56,24.24M,-0.70%
2018年1月16日,5.7,5.62,5.72,5.55,27.59M,1.42%
2018年1月15日,5.62,5.88,5.88,5.58,46.77M,-4.42%
2018年1月12日,5.88,5.89,5.95,5.88,27.30M,0.17%
2018年1月11日,5.87,5.87,5.99,5.75,69.14M,-4.55%
2018年1月10日,6.15,6.22,6.25,6.12,22.24M,-1.28%
2018年1月9日,6.23,6.29,6.3,6.22,19.76M,-0.64%
2018年1月8日,6.27,6.29,6.36,6.22,28.44M,-0.32%
2018年1月5日,6.29,6.38,6.38,6.26,31.19M,-1.26%
2018年1月4日,6.37,6.27,6.42,6.26,56.39M,3.07%
2018年1月3日,6.18,6.1,6.2,6.08,27.71M,1.31%
2018年1月2日,6.1,6.06,6.11,6.03,23.12M,1.16%
2017年12月29日,6.03,5.97,6.04,5.97,14.82M,0.84%
2017年12月28日,5.98,6.01,6.05,5.95,23.07M,-0.33%
2017年12月27日,6,6.02,6.07,5.98,15.56M,0.17%
2017年12月26日,5.99,5.99,6,5.91,12.31M,0.34%
2017年12月25日,5.97,6.03,6.11,5.96,19.18M,-1.00%
2017年12月22日,6.03,5.95,6.09,5.93,20.83M,1.86%
2017年12月21日,5.92,5.95,5.96,5.86,15.07M,-0.50%
2017年12月20日,5.95,6.02,6.04,5.94,13.80M,-1.33%
2017年12月19日,6.03,6.03,6.07,6.01,11.75M,-0.17%
2017年12月18日,6.04,6.08,6.08,6,12.80M,-0.66%
2017年12月15日,6.08,6.05,6.1,6.04,16.06M,0.50%
2017年12月14日,6.05,6.17,6.17,6.04,18.21M,-1.94%
2017年12月13日,6.17,6.17,6.18,6.12,10.90M,0.16%
2017年12月12日,6.16,6.21,6.27,6.16,14.16M,-0.81%
2017年12月11日,6.21,6.13,6.22,6.13,17.08M,1.80%
2017年12月8日,6.1,6.1,6.18,6.05,22.62M,0.33%
2017年12月7日,6.08,6.12,6.28,6.08,25.58M,0.00%
2017年12月6日,6.08,6.02,6.08,5.98,17.68M,1.16%
2017年12月5日,6.01,6.17,6.21,5.98,21.89M,-2.75%
2017年12月4日,6.18,6.34,6.34,6.17,21.02M,-2.22%
2017年12月1日,6.32,6.34,6.36,6.28,10.98M,-0.16%
2017年11月30日,6.33,6.42,6.44,6.32,14.02M,-1.56%
2017年11月29日,6.43,6.34,6.43,6.31,21.54M,1.42%
2017年11月28日,6.34,6.21,6.34,6.21,13.52M,1.93%
2017年11月27日,6.22,6.29,6.35,6.21,12.98M,-2.05%
2017年11月24日,6.35,6.21,6.38,6.19,14.41M,1.76%
2017年11月23日,6.24,6.35,6.42,6.22,17.22M,-1.89%
2017年11月22日,6.36,6.33,6.41,6.31,19.73M,0.63%
2017年11月21日,6.32,6.31,6.37,6.28,15.43M,-0.16%
2017年11月20日,6.33,6.27,6.38,6.14,18.16M,1.61%
2017年11月17日,6.23,6.46,6.5,6.17,27.75M,-3.56%
2017年11月16日,6.46,6.47,6.54,6.4,15.00M,-0.15%
2017年11月15日,6.47,6.5,6.53,6.4,19.42M,-0.46%
2017年11月14日,6.5,6.68,6.71,6.46,30.77M,-2.55%
2017年11月13日,6.67,6.72,6.76,6.67,17.12M,-0.60%
2017年11月10日,6.71,6.67,6.75,6.67,17.22M,0.60%
2017年11月9日,6.67,6.68,6.7,6.64,17.92M,-0.45%
2017年11月8日,6.7,6.58,6.76,6.5,28.91M,1.98%
2017年11月7日,6.57,6.53,6.57,6.49,15.95M,0.61%
2017年11月6日,6.53,6.47,6.55,6.44,14.24M,0.93%
2017年11月3日,6.47,6.63,6.65,6.38,26.04M,-2.41%
2017年11月2日,6.63,6.71,6.72,6.6,21.69M,-1.63%
2017年11月1日,6.74,6.8,6.82,6.69,19.47M,-0.74%
2017年10月31日,6.79,6.74,6.83,6.71,18.14M,0.74%
2017年10月30日,6.74,7.02,7.02,6.65,32.91M,-4.13%
2017年10月27日,7.03,7.17,7.17,6.99,22.24M,-1.95%
2017年10月26日,7.17,7.09,7.21,7.03,24.73M,0.99%
2017年10月25日,7.1,7.07,7.12,7.03,14.49M,0.57%
2017年10月24日,7.06,7.07,7.11,6.97,14.61M,-0.42%
2017年10月23日,7.09,7.03,7.16,7.03,16.36M,0.85%
2017年10月20日,7.03,6.92,7.03,6.92,14.49M,1.59%
2017年10月19日,6.92,7.11,7.16,6.88,29.55M,-2.40%
2017年10月18日,7.09,7.21,7.26,7.06,21.76M,-1.12%
2017年10月17日,7.17,7.3,7.3,7.17,25.24M,-1.51%
2017年10月16日,7.28,7.46,7.5,7.23,34.04M,-1.89%
2017年10月13日,7.42,7.37,7.5,7.37,19.60M,0.82%
2017年10月12日,7.36,7.47,7.53,7.33,33.18M,-1.60%
2017年10月11日,7.48,7.66,7.67,7.43,43.24M,-2.60%
2017年10月10日,7.68,7.64,7.71,7.6,34.32M,0.39%
2017年10月9日,7.65,7.6,7.73,7.54,46.87M,2.14%
2017年9月29日,7.49,7.53,7.58,7.46,27.79M,0.00%
2017年9月28日,7.49,7.5,7.63,7.47,36.70M,-0.53%
2017年9月27日,7.53,7.53,7.67,7.48,43.66M,0.94%
2017年9月26日,7.46,7.4,7.53,7.4,32.87M,1.08%
2017年9月25日,7.38,7.61,7.62,7.36,46.48M,-2.89%
2017年9月22日,7.6,7.72,7.79,7.53,56.29M,-1.94%
2017年9月21日,7.75,7.94,8.01,7.75,57.13M,-2.15%
2017年9月20日,7.92,7.85,8.02,7.73,67.13M,1.15%
2017年9月19日,7.83,8.03,8.07,7.79,73.07M,-2.49%
2017年9月18日,8.03,7.87,8.17,7.85,96.55M,1.90%
2017年9月15日,7.88,7.88,7.99,7.67,79.89M,0.51%
2017年9月14日,7.84,8.07,8.17,7.81,113.46M,-2.49%
2017年9月13日,8.04,7.92,8.25,7.77,121.63M,2.68%
2017年9月12日,7.83,7.85,8.32,7.82,174.14M,-1.01%
2017年9月11日,7.91,7.68,8.03,7.63,135.82M,3.13%
2017年9月8日,7.67,7.43,7.72,7.38,98.12M,2.68%
2017年9月7日,7.47,7.5,7.63,7.4,71.20M,-0.27%
2017年9月6日,7.49,7.34,7.68,7.29,95.64M,1.90%
2017年9月5日,7.35,7.25,7.4,7.14,69.53M,1.10%
2017年9月4日,7.27,7.12,7.31,7.11,44.81M,1.54%
2017年9月1日,7.16,7.12,7.22,7.09,35.24M,0.14%
2017年8月31日,7.15,7.21,7.23,7.08,31.15M,-0.83%
2017年8月30日,7.21,7.31,7.31,7.17,39.77M,-1.23%
2017年8月29日,7.3,7.2,7.37,7.15,43.65M,1.39%
2017年8月28日,7.2,7.15,7.23,7.1,32.82M,0.70%
2017年8月25日,7.15,7.12,7.18,7,25.04M,0.56%
2017年8月24日,7.11,7.12,7.17,7.07,34.38M,-0.84%
2017年8月23日,7.17,7.06,7.39,7.06,56.42M,1.27%
2017年8月22日,7.08,7.12,7.19,7.03,27.95M,-0.70%
2017年8月21日,7.13,7.04,7.16,7.03,24.71M,1.28%
2017年8月18日,7.04,7.01,7.08,6.98,22.90M,-0.56%
2017年8月17日,7.08,7.08,7.23,7.06,32.56M,0.43%
2017年8月16日,7.05,7.21,7.21,6.97,45.24M,-2.76%
2017年8月15日,7.25,7.11,7.33,7.08,44.32M,1.97%
2017年8月14日,7.11,7,7.12,7,27.45M,1.72%
2017年8月11日,6.99,7.17,7.21,6.95,48.21M,-3.59%
2017年8月10日,7.25,7.36,7.41,7.21,39.58M,-2.29%
2017年8月9日,7.42,7.38,7.44,7.22,45.82M,0.00%
2017年8月8日,7.42,7.35,7.55,7.3,56.36M,0.68%
2017年8月7日,7.37,7.25,7.38,7.21,44.89M,1.38%
2017年8月4日,7.27,7.55,7.68,7.25,101.28M,-3.96%
2017年8月3日,7.57,7.58,7.6,7.4,83.27M,-1.30%
2017年8月2日,7.67,7.7,7.97,7.61,125.43M,0.13%
2017年8月1日,7.66,7.83,7.86,7.55,132.84M,-3.77%
2017年7月31日,7.96,7.74,8.07,7.65,206.84M,3.24%
2017年7月28日,7.71,7.03,7.71,7,178.24M,9.99%
2017年7月27日,7.01,7.02,7.12,6.88,49.77M,-1.82%
2017年7月26日,7.14,7.28,7.38,7.09,82.91M,1.42%
2017年7月25日,7.04,7.07,7.07,6.89,50.63M,-1.12%
2017年7月24日,7.12,6.97,7.14,6.94,71.37M,2.15%
2017年7月21日,6.97,6.9,7.05,6.84,64.93M,0.87%
2017年7月20日,6.91,6.59,7.12,6.59,89.83M,3.91%
2017年7月19日,6.65,6.41,6.66,6.38,40.29M,3.42%
2017年7月18日,6.43,6.33,6.47,6.28,24.42M,2.06%
2017年7月17日,6.3,6.72,6.72,6.22,55.00M,-6.39%
2017年7月14日,6.73,6.79,6.8,6.68,22.56M,-1.03%
2017年7月13日,6.8,6.88,6.89,6.76,26.93M,-1.02%
2017年7月12日,6.87,6.78,6.87,6.67,35.79M,1.33%
2017年7月11日,6.78,6.97,7.03,6.77,51.78M,-3.14%
2017年7月10日,7,7.03,7.24,6.96,64.03M,-1.13%
2017年7月7日,7.08,6.93,7.21,6.82,89.28M,2.31%
2017年7月6日,6.92,6.87,7,6.82,66.68M,-0.14%
2017年7月5日,6.93,6.77,7,6.73,79.35M,2.36%
2017年7月4日,6.77,6.71,6.88,6.67,47.01M,1.04%
2017年7月3日,6.7,6.75,6.75,6.63,29.59M,-0.59%
2017年6月30日,6.74,6.69,6.79,6.65,33.18M,0.60%
2017年6月29日,6.7,6.67,6.74,6.66,25.40M,0.00%
2017年6月28日,6.7,6.71,6.8,6.67,33.63M,-0.15%
2017年6月27日,6.71,6.75,6.78,6.67,49.32M,-1.76%
2017年6月26日,6.83,6.54,6.88,6.49,85.44M,4.43%
2017年6月23日,6.54,6.42,6.66,6.41,47.69M,-15.28%
2017年6月22日,7.72,7.81,7.88,7.72,16.82M,-1.78%
2017年6月21日,7.86,7.95,7.97,7.8,18.66M,-0.76%
2017年6月20日,7.92,7.81,8.03,7.81,30.88M,1.15%
2017年6月19日,7.83,7.8,7.85,7.74,14.91M,0.38%
2017年6月16日,7.8,7.79,7.87,7.71,21.52M,0.13%
2017年6月15日,7.79,7.79,7.87,7.71,27.42M,-0.13%
2017年6月14日,7.8,7.81,8.06,7.78,63.16M,1.83%
2017年6月13日,7.66,7.41,7.67,7.39,25.73M,3.37%
2017年6月12日,7.41,7.57,7.57,7.4,13.47M,-2.37%
2017年6月9日,7.59,7.57,7.62,7.53,12.51M,0.26%
2017年6月8日,7.57,7.58,7.74,7.55,21.74M,0.13%
2017年6月7日,7.56,7.44,7.56,7.4,19.34M,1.75%
2017年6月6日,7.43,7.38,7.43,7.34,9.08M,0.54%
2017年6月5日,7.39,7.35,7.44,7.33,11.51M,0.82%
2017年6月2日,7.33,7.23,7.35,7.16,12.10M,0.96%
2017年6月1日,7.26,7.33,7.39,7.25,13.94M,-1.22%
2017年5月31日,7.35,7.4,7.48,7.35,12.55M,0.41%
2017年5月26日,7.32,7.31,7.4,7.3,11.48M,-0.27%
2017年5月25日,7.34,7.25,7.37,7.17,15.92M,1.10%
2017年5月24日,7.26,7.2,7.27,7.14,16.21M,1.54%
2017年5月23日,7.15,7.57,7.59,7.11,27.97M,-5.42%
2017年5月22日,7.56,7.77,7.78,7.55,15.16M,-2.83%
2017年5月19日,7.78,7.74,7.82,7.73,10.75M,0.13%
2017年5月18日,7.77,7.78,7.94,7.75,13.31M,-0.89%
2017年5月17日,7.84,7.88,7.94,7.8,14.04M,-0.51%
2017年5月16日,7.88,7.71,7.88,7.63,16.37M,2.07%
2017年5月15日,7.72,7.7,7.77,7.68,12.08M,0.39%
2017年5月12日,7.69,7.73,7.76,7.61,16.23M,-0.65%
2017年5月11日,7.74,7.7,7.88,7.55,26.10M,-0.51%
2017年5月10日,7.78,8.06,8.1,7.75,23.74M,-3.71%
2017年5月9日,8.08,8.05,8.09,7.85,18.19M,0.25%
2017年5月8日,8.06,8.26,8.32,8.06,19.42M,-2.42%
2017年5月5日,8.26,8.54,8.58,8.26,19.83M,-3.28%
2017年5月4日,8.54,8.51,8.65,8.5,15.24M,-0.23%
2017年5月3日,8.56,8.52,8.64,8.5,18.42M,-0.81%
2017年5月2日,8.63,8.4,8.67,8.39,25.50M,2.86%
2017年4月28日,8.39,8.39,8.42,8.32,14.20M,-0.12%
2017年4月27日,8.4,8.56,8.57,8.14,36.16M,-2.55%
2017年4月26日,8.62,8.64,8.75,8.57,16.27M,0.12%
2017年4月25日,8.61,8.57,8.72,8.57,13.75M,0.23%
2017年4月24日,8.59,9.01,9.01,8.58,26.74M,-4.77%
2017年4月21日,9.02,9.1,9.18,9,17.77M,-1.42%
2017年4月20日,9.15,9.1,9.28,9.08,19.53M,0.66%
2017年4月19日,9.09,9.21,9.22,8.98,27.18M,-1.62%
2017年4月18日,9.24,9.35,9.4,9.22,16.82M,-0.86%
2017年4月17日,9.32,9.32,9.45,9.26,20.12M,-0.43%
2017年4月14日,9.36,9.61,9.61,9.34,32.44M,-2.60%
2017年4月13日,9.61,9.65,9.68,9.55,30.80M,-0.93%
2017年4月12日,9.7,9.66,9.83,9.53,73.53M,1.25%
2017年4月11日,9.58,9.42,9.63,9.29,45.55M,1.16%
2017年4月10日,9.47,9.29,9.67,9.24,41.08M,1.50%
2017年4月7日,9.33,9.34,9.45,9.32,18.47M,0.00%
2017年4月6日,9.33,9.31,9.37,9.29,15.23M,-0.11%
2017年4月5日,9.34,9.19,9.37,9.17,21.24M,1.85%
2017年3月31日,9.17,9.2,9.22,9.13,13.79M,0.11%
2017年3月30日,9.16,9.42,9.42,9.15,28.78M,-2.55%
2017年3月29日,9.4,9.51,9.57,9.4,24.19M,-1.26%
2017年3月28日,9.52,9.56,9.65,9.5,27.05M,0.74%
2017年3月27日,9.45,9.43,9.52,9.4,18.20M,-0.21%
2017年3月24日,9.47,9.46,9.49,9.4,17.63M,0.32%
2017年3月23日,9.44,9.49,9.57,9.36,24.42M,-0.53%
2017年3月22日,9.49,9.58,9.6,9.48,20.59M,-1.15%
2017年3月21日,9.6,9.64,9.67,9.56,17.45M,-0.31%
2017年3月20日,9.63,9.59,9.64,9.55,16.28M,0.73%
2017年3月17日,9.56,9.71,9.73,9.55,20.87M,-1.54%
2017年3月16日,9.71,9.6,9.73,9.59,26.08M,1.36%
2017年3月15日,9.58,9.69,9.69,9.54,25.10M,-1.24%
2017年3月14日,9.7,9.73,9.78,9.68,17.87M,-0.51%
2017年3月13日,9.75,9.66,9.77,9.62,19.26M,0.41%
2017年3月10日,9.71,9.72,9.78,9.68,17.91M,-0.21%
2017年3月9日,9.73,9.78,9.81,9.68,24.80M,-0.82%
2017年3月8日,9.81,9.91,9.92,9.76,25.88M,-1.11%
2017年3月7日,9.92,10.01,10.03,9.87,24.27M,-0.60%
2017年3月6日,9.98,9.92,10.03,9.9,29.47M,0.00%
2017年3月3日,9.98,9.8,10.05,9.72,52.25M,1.53%
2017年3月2日,9.83,9.83,9.97,9.81,30.74M,0.51%
2017年3月1日,9.78,9.74,9.84,9.74,19.61M,0.20%
2017年2月28日,9.76,9.76,9.81,9.7,18.71M,0.00%
2017年2月27日,9.76,9.9,9.97,9.73,20.81M,-1.11%
2017年2月24日,9.87,9.91,9.94,9.8,24.93M,-0.80%
2017年2月23日,9.95,9.88,10.06,9.85,44.33M,1.02%
2017年2月22日,9.85,9.85,9.92,9.8,21.22M,0.31%
2017年2月21日,9.82,9.77,9.85,9.76,21.71M,0.72%
2017年2月20日,9.75,9.67,9.77,9.66,16.55M,0.93%
2017年2月17日,9.66,9.87,9.87,9.66,24.86M,-2.03%
2017年2月16日,9.86,9.78,9.87,9.74,21.70M,0.51%
2017年2月15日,9.81,9.83,9.92,9.77,34.68M,-0.91%
2017年2月14日,9.9,9.74,10.22,9.65,50.20M,1.85%
2017年2月13日,9.72,9.72,9.75,9.67,21.55M,0.21%
2017年2月10日,9.7,9.71,9.83,9.65,22.82M,-0.10%
2017年2月9日,9.71,9.7,9.73,9.64,20.98M,0.31%
2017年2月8日,9.68,9.67,9.69,9.56,15.87M,0.10%
2017年2月7日,9.67,9.58,9.77,9.55,25.31M,1.15%
2017年2月6日,9.56,9.52,9.58,9.49,14.82M,0.42%
2017年2月3日,9.52,9.52,9.55,9.49,11.22M,0.11%
2017年1月26日,9.51,9.52,9.54,9.49,12.52M,0.32%
2017年1月25日,9.48,9.44,9.54,9.41,12.14M,0.32%
2017年1月24日,9.45,9.54,9.54,9.43,13.40M,-0.74%
2017年1月23日,9.52,9.46,9.59,9.44,17.68M,1.06%
2017年1月20日,9.42,9.3,9.48,9.28,17.75M,1.07%
2017年1月19日,9.32,9.51,9.51,9.3,17.96M,-1.48%
2017年1月18日,9.46,9.57,9.59,9.45,18.49M,-1.46%
2017年1月17日,9.6,9.53,9.64,9.25,27.58M,0.21%
2017年1月16日,9.58,10.07,10.13,9.11,55.28M,-4.87%
2017年1月13日,10.07,10.16,10.22,10.01,31.22M,-0.98%
2017年1月12日,10.17,10.31,10.34,10.15,33.53M,-1.45%
2017年1月11日,10.32,10.6,10.61,10.3,51.63M,-2.82%
2017年1月10日,10.62,10.52,10.74,10.51,46.15M,0.47%
2017年1月9日,10.57,10.45,10.62,10.45,31.38M,0.57%
2017年1月6日,10.51,10.53,10.64,10.42,35.16M,-0.28%
2017年1月5日,10.54,10.65,10.69,10.52,36.18M,-1.03%
2017年1月4日,10.65,10.45,10.68,10.43,45.60M,1.82%
2017年1月3日,10.46,10.39,10.53,10.37,26.39M,0.97%
2016年12月30日,10.36,10.54,10.61,10.36,31.22M,-1.33%
2016年12月29日,10.5,10.65,10.66,10.49,38.95M,-1.96%
2016年12月28日,10.71,10.69,10.84,10.54,54.63M,-0.09%
2016年12月27日,10.72,10.77,10.88,10.67,54.79M,-1.02%
2016年12月26日,10.83,10.51,10.87,10.43,70.08M,2.46%
2016年12月23日,10.57,10.57,10.8,10.49,52.56M,0.00%
2016年12月22日,10.57,10.52,10.75,10.47,47.67M,0.09%
2016年12月21日,10.56,10.38,10.9,10.32,79.25M,3.13%
2016年12月20日,10.24,10.25,10.32,10.19,28.36M,-0.58%
2016年12月19日,10.3,10.38,10.58,10.27,49.34M,1.38%
2016年12月16日,10.16,10.15,10.2,10.07,23.11M,0.30%
2016年12月15日,10.13,10.04,10.25,10.02,31.67M,0.50%
2016年12月14日,10.08,10.17,10.21,10.01,29.59M,-0.79%
2016年12月13日,10.16,10.06,10.22,10.01,33.49M,0.89%
2016年12月12日,10.07,10.63,10.64,10.05,76.88M,-5.27%
2016年12月9日,10.63,10.79,10.94,10.58,60.79M,-1.76%
2016年12月8日,10.82,10.79,10.98,10.7,82.04M,-0.09%
2016年12月7日,10.83,10.71,10.95,10.59,109.15M,2.65%
2016年12月6日,10.55,10.8,10.84,10.46,56.89M,-0.57%
2016年12月5日,10.61,10.29,10.69,10.21,93.98M,4.02%
2016年12月2日,10.2,10.42,10.45,10.18,28.12M,-1.54%
2016年12月1日,10.36,10.25,10.45,10.21,32.15M,1.17%
2016年11月30日,10.24,10.22,10.34,10.2,26.56M,0.20%
2016年11月29日,10.22,10.29,10.34,10.2,31.51M,-1.06%
2016年11月28日,10.33,10.38,10.45,10.31,30.40M,-0.10%
2016年11月25日,10.34,10.27,10.36,10.12,29.11M,0.19%
2016年11月24日,10.32,10.45,10.5,10.32,37.45M,-1.34%
2016年11月23日,10.46,10.62,10.66,10.41,44.08M,-1.51%
2016年11月22日,10.62,10.59,10.64,10.52,36.21M,0.38%
2016年11月21日,10.58,10.66,10.78,10.55,43.62M,-0.75%
2016年11月18日,10.66,10.43,10.98,10.37,96.90M,2.21%
2016年11月17日,10.43,10.56,10.56,10.38,39.87M,-1.51%
2016年11月16日,10.59,10.57,10.74,10.44,64.74M,0.38%
2016年11月15日,10.55,10.5,10.62,10.43,37.89M,0.57%
2016年11月14日,10.49,10.4,10.62,10.36,45.73M,0.29%
2016年11月11日,10.46,10.22,10.47,10.22,57.16M,2.35%
2016年11月10日,10.22,10.2,10.28,10.18,28.26M,1.19%
2016年11月9日,10.1,10.26,10.27,10.01,35.34M,-1.66%
2016年11月8日,10.27,10.23,10.27,10.19,24.86M,0.88%
2016年11月7日,10.18,10.24,10.25,10.15,24.80M,-0.39%
2016年11月4日,10.22,10.2,10.31,10.18,30.28M,-0.10%
2016年11月3日,10.23,10.11,10.32,10.11,40.68M,0.39%
2016年11月2日,10.19,10.43,10.43,10.16,47.45M,-2.39%
2016年11月1日,10.44,10.38,10.46,10.34,25.02M,0.58%
2016年10月31日,10.38,10.43,10.44,10.29,25.44M,-0.86%
2016年10月28日,10.47,10.61,10.67,10.44,31.11M,-1.60%
2016年10月27日,10.64,10.52,10.69,10.45,39.35M,1.14%
2016年10月26日,10.52,10.63,10.69,10.48,32.14M,-1.41%
2016年10月25日,10.67,10.52,10.71,10.47,43.56M,1.43%
2016年10月24日,10.52,10.41,10.52,10.36,29.20M,1.06%
2016年10月21日,10.41,10.52,10.53,10.3,41.26M,-1.23%
2016年10月20日,10.54,10.63,10.65,10.5,33.50M,-0.85%
2016年10月19日,10.63,10.74,10.76,10.62,30.88M,-0.65%
2016年10月18日,10.7,10.6,10.73,10.55,32.39M,1.33%
2016年10月17日,10.56,10.71,10.75,10.52,31.74M,-1.22%
2016年10月14日,10.69,10.69,10.72,10.56,28.22M,0.09%
2016年10月13日,10.68,10.75,10.77,10.64,30.98M,-0.84%
2016年10月12日,10.77,10.7,10.89,10.64,42.25M,0.37%
2016年10月11日,10.73,10.7,10.82,10.64,36.59M,0.56%
2016年10月10日,10.67,10.46,10.69,10.46,41.20M,2.79%
2016年9月30日,10.38,10.37,10.46,10.35,22.64M,0.19%
2016年9月29日,10.36,10.48,10.52,10.35,30.85M,-0.77%
2016年9月28日,10.44,10.52,10.57,10.4,24.26M,-0.76%
2016年9月27日,10.52,10.44,10.53,10.31,33.40M,1.06%
2016年9月26日,10.41,10.8,10.8,10.39,53.34M,-3.79%
2016年9月23日,10.82,11.09,11.09,10.76,54.44M,-1.99%
2016年9月22日,11.04,11.08,11.14,11,52.91M,0.73%
2016年9月21日,10.96,11,11.12,10.91,36.51M,-0.54%
2016年9月20日,11.02,11.08,11.25,10.94,55.54M,-0.54%
2016年9月19日,11.08,10.93,11.24,10.88,69.86M,1.65%
2016年9月14日,10.9,11.05,11.13,10.81,73.92M,-3.11%
2016年9月13日,11.25,10.69,11.45,10.65,136.44M,6.23%
2016年9月12日,10.59,11.05,11.05,10.55,84.42M,-5.45%
2016年9月9日,11.2,11.22,11.45,11.16,90.73M,0.09%
2016年9月8日,11.19,11.35,11.41,11.11,54.04M,-0.89%
2016年9月7日,11.29,11.48,11.52,11.28,65.31M,-1.05%
2016年9月6日,11.41,11.32,11.44,11.1,70.11M,0.35%
2016年9月5日,11.37,11.25,11.62,11.23,75.09M,1.52%
2016年9月2日,11.2,11.23,11.36,11.16,50.08M,-0.53%
2016年9月1日,11.26,11.27,11.45,11.11,85.00M,-0.53%
2016年8月31日,11.32,11.11,11.42,11.07,80.77M,1.71%
2016年8月30日,11.13,11.21,11.31,11.05,70.75M,-1.33%
2016年8月29日,11.28,11.18,11.38,11.06,72.02M,0.71%
2016年8月26日,11.2,11.73,11.89,11.13,168.95M,-4.36%
2016年8月25日,11.71,11.65,11.78,11.51,91.12M,-0.76%
2016年8月24日,11.8,11.93,12.03,11.58,106.84M,-0.92%
2016年8月23日,11.91,12.11,12.14,11.68,157.29M,-2.38%
2016年8月22日,12.2,12.1,12.47,12,292.77M,0.74%
2016年8月19日,12.11,10.9,12.11,10.89,308.52M,9.99%
2016年8月18日,11.01,11,11.24,10.96,95.40M,-0.72%
2016年8月17日,11.09,11.07,11.29,10.86,96.38M,0.27%
2016年8月16日,11.06,10.9,11.39,10.84,133.96M,1.65%
2016年8月15日,10.88,10.7,11.1,10.58,122.22M,1.87%
2016年8月12日,10.68,10.6,10.76,10.48,65.21M,0.75%
2016年8月11日,10.6,10.5,10.95,10.37,109.21M,0.38%
2016年8月10日,10.56,10.65,10.74,10.45,86.40M,-2.31%
2016年8月9日,10.81,10.26,10.89,10.25,132.01M,5.05%
2016年8月8日,10.29,10.26,10.29,10.05,48.46M,-0.48%
2016年8月5日,10.34,10.25,10.53,10.21,68.44M,0.68%
2016年8月4日,10.27,10.2,10.45,10.14,56.95M,-0.96%
2016年8月3日,10.37,10.09,10.44,10.04,74.99M,2.27%
2016年8月2日,10.14,10.03,10.15,10,34.87M,0.90%
2016年8月1日,10.05,10.12,10.23,9.83,64.31M,-0.89%
2016年7月29日,10.14,10.3,10.33,10,57.86M,-2.12%
2016年7月28日,10.36,10.53,10.6,10.04,99.40M,-1.52%
2016年7月27日,10.52,11.2,11.31,10.32,184.80M,-7.39%
2016年7月26日,11.36,11.48,11.53,11.11,135.01M,-2.07%
2016年7月25日,11.6,10.93,11.88,10.81,203.05M,6.52%
2016年7月22日,10.89,10.59,11.28,10.56,164.58M,2.74%
2016年7月21日,10.6,10.75,10.8,10.53,80.64M,-1.85%
2016年7月20日,10.8,10.65,11.01,10.59,120.58M,1.69%
2016年7月19日,10.62,10.64,10.7,10.46,61.14M,-1.03%
2016年7月18日,10.73,10.39,10.81,10.39,98.63M,2.78%
2016年7月15日,10.44,10.59,10.62,10.36,62.33M,-1.42%
2016年7月14日,10.59,10.54,10.67,10.46,65.74M,0.86%
2016年7月13日,10.5,10.49,10.69,10.47,77.94M,0.10%
2016年7月12日,10.49,10.31,10.61,10.22,76.10M,1.25%
2016年7月11日,10.36,10.49,10.56,10.31,81.75M,0.19%
2016年7月8日,10.34,10.44,10.5,10.28,80.88M,-1.99%
2016年7月7日,10.55,10.19,10.74,10.14,156.01M,3.03%
2016年7月6日,10.24,10.26,10.3,10.16,57.78M,-0.68%
2016年7月5日,10.31,10.18,10.44,10.15,99.65M,1.18%
2016年7月4日,10.19,9.9,10.25,9.79,71.20M,1.80%
2016年7月1日,10.01,10.19,10.23,10,53.05M,-1.38%
2016年6月30日,10.15,10.16,10.26,10.01,59.14M,0.00%
2016年6月29日,10.15,10.19,10.28,10.02,70.27M,0.00%
2016年6月28日,10.15,10.07,10.15,9.9,66.60M,0.30%
2016年6月27日,10.12,9.81,10.16,9.81,67.27M,3.05%
2016年6月24日,9.82,10.04,10.18,9.49,94.86M,-2.87%
2016年6月23日,10.11,10.3,10.36,10.02,85.47M,-2.51%
2016年6月22日,10.37,10.04,10.42,9.99,103.88M,1.77%
2016年6月21日,10.19,10.36,10.56,10.14,141.70M,0.49%
2016年6月20日,10.14,10.27,10.34,10.07,86.98M,0.40%
2016年6月17日,10.1,10.26,10.31,9.93,94.16M,-0.10%
2016年6月16日,10.11,9.99,10.27,9.88,135.85M,1.71%
2016年6月15日,9.94,9.11,9.96,9.05,109.76M,7.23%
2016年6月14日,9.27,9.26,9.31,9.11,54.09M,-0.54%
2016年6月13日,9.32,9.87,9.89,9.29,88.31M,-7.36%
2016年6月8日,10.06,9.94,10.09,9.76,97.23M,1.93%
2016年6月7日,9.87,9.82,9.99,9.64,67.13M,0.82%
2016年6月6日,9.79,9.81,9.9,9.68,50.35M,0.10%
2016年6月3日,9.78,9.84,10.07,9.71,73.06M,0.20%
2016年6月2日,9.76,9.69,9.99,9.67,85.29M,0.21%
2016年6月1日,9.74,9.54,9.89,9.51,106.96M,2.53%
2016年5月31日,9.5,9.11,9.52,9.11,79.78M,4.63%
2016年5月30日,9.08,9.11,9.2,8.97,31.64M,-1.20%
2016年5月27日,9.19,9.1,9.42,9.01,55.89M,0.66%
2016年5月26日,9.13,9.13,9.21,8.87,41.71M,-0.11%
2016年5月25日,9.14,9.31,9.37,9.12,47.51M,-1.72%
2016年5月24日,9.3,9.17,9.56,9.17,73.56M,1.20%
2016年5月23日,9.19,9.12,9.28,9.12,38.23M,1.21%
2016年5月20日,9.08,8.9,9.09,8.78,35.74M,1.00%
2016年5月19日,8.99,8.99,9.2,8.95,40.43M,0.22%
2016年5月18日,8.97,9.26,9.27,8.82,55.54M,-3.76%
2016年5月17日,9.32,9.35,9.52,9.23,58.53M,-0.32%
2016年5月16日,9.35,9.07,9.43,8.89,59.16M,2.75%
2016年5月13日,9.1,9.1,9.27,8.99,42.30M,-1.19%
2016年5月12日,9.21,8.96,9.22,8.59,54.36M,1.21%
2016年5月11日,9.1,9.28,9.31,9.07,38.60M,-0.87%
2016年5月10日,9.18,9.19,9.38,9.1,37.86M,0.33%
2016年5月9日,9.15,9.63,9.68,9.1,71.08M,-6.25%
2016年5月6日,9.76,10.39,10.41,9.76,103.19M,-5.97%
2016年5月5日,10.38,10.31,10.46,10.28,52.47M,0.39%
2016年5月4日,10.34,10.37,10.49,10.28,69.00M,-1.43%
2016年5月3日,10.49,10.07,10.5,9.93,100.75M,3.55%
2016年4月29日,10.13,10.33,10.35,10.04,80.23M,-3.52%
2016年4月28日,10.5,10.24,10.56,10.16,99.21M,2.74%
2016年4月27日,10.22,10.2,10.45,10.15,76.97M,0.89%
2016年4月26日,10.13,9.98,10.19,9.93,50.50M,1.40%
2016年4月25日,9.99,10.19,10.19,9.89,52.59M,-2.44%
2016年4月22日,10.24,10.07,10.27,9.87,75.63M,1.09%
2016年4月21日,10.13,10.15,10.61,10.11,96.78M,-1.17%
2016年4月20日,10.25,10.89,10.89,9.97,152.02M,-5.27%
2016年4月19日,10.82,10.44,10.94,10.44,124.75M,4.34%
2016年4月18日,10.37,10.52,10.53,10.27,74.09M,-2.54%
2016年4月15日,10.64,10.88,10.91,10.52,80.10M,-1.75%
2016年4月14日,10.83,10.9,10.96,10.73,77.75M,0.09%
2016年4月13日,10.82,10.7,11.02,10.7,132.09M,2.37%
2016年4月12日,10.57,10.64,10.79,10.37,95.71M,-1.12%
2016年4月11日,10.69,10.73,10.97,10.67,107.76M,0.47%
2016年4月8日,10.64,10.77,10.87,10.38,129.89M,-3.10%
2016年4月7日,10.98,11,11.44,10.93,184.54M,0.09%
2016年4月6日,10.97,11.11,11.19,10.76,215.12M,0.46%
2016年4月5日,10.92,10.04,10.92,10.04,171.62M,9.97%
2016年4月1日,9.93,10.11,10.13,9.78,92.87M,-2.36%
2016年3月31日,10.17,10.39,10.43,10.09,113.67M,-1.55%
2016年3月30日,10.33,9.92,10.33,9.75,147.30M,5.84%
2016年3月29日,9.76,9.81,10.1,9.61,119.41M,0.00%
2016年3月28日,9.76,9.82,10.14,9.71,118.63M,0.72%
2016年3月25日,9.69,9.5,9.7,9.5,63.65M,1.36%
2016年3月24日,9.56,9.74,9.84,9.5,95.25M,-2.45%
2016年3月23日,9.8,9.69,9.82,9.65,67.23M,0.72%
2016年3月22日,9.73,9.73,10,9.68,91.73M,-1.42%
2016年3月21日,9.87,9.76,9.87,9.65,122.39M,2.71%
2016年3月18日,9.61,9.29,9.78,9.24,142.65M,3.56%
2016年3月17日,9.28,8.88,9.3,8.88,119.31M,5.57%
2016年3月16日,8.79,9.13,9.2,8.76,64.24M,-2.55%
2016年3月15日,9.02,8.99,9.23,8.93,69.38M,0.33%
2016年3月14日,8.99,8.74,9.16,8.7,63.12M,4.90%
2016年3月11日,8.57,8.56,8.69,8.44,38.71M,-1.72%
2016年3月10日,8.72,8.92,9.04,8.67,49.40M,-1.80%
2016年3月9日,8.88,8.98,9.13,8.82,58.82M,-4.52%
2016年3月8日,9.3,9.26,9.32,8.81,81.02M,-0.85%
2016年3月7日,9.38,8.96,9.39,8.96,93.38M,5.75%
2016年3月4日,8.87,8.96,9.18,8.67,86.10M,-2.21%
2016年3月3日,9.07,8.89,9.62,8.81,124.81M,0.89%
2016年3月2日,8.99,8.41,9.04,8.33,94.30M,6.64%
2016年3月1日,8.43,8.22,8.52,8.03,67.34M,3.69%
2016年2月29日,8.13,8.87,8.89,8.12,89.70M,-9.87%
2016年2月26日,9.02,8.93,9.19,8.81,78.42M,2.04%
2016年2月25日,8.84,9.83,9.93,8.8,120.05M,-9.61%
2016年2月24日,9.78,9.7,9.79,9.36,68.19M,0.31%
2016年2月23日,9.75,9.81,9.92,9.55,73.28M,-1.02%
2016年2月22日,9.85,9.79,9.98,9.69,91.93M,2.71%
2016年2月19日,9.59,9.52,9.71,9.47,71.47M,-0.10%
2016年2月18日,9.6,9.62,10.07,9.47,119.35M,0.84%
2016年2月17日,9.52,9.4,9.61,9.3,93.39M,1.17%
2016年2月16日,9.41,8.96,9.52,8.96,96.17M,5.61%
2016年2月15日,8.91,8.48,9.02,8.44,57.65M,0.45%
2016年2月5日,8.87,9.2,9.2,8.85,58.40M,-3.17%
2016年2月4日,9.16,9.1,9.26,9.04,79.34M,0.99%
2016年2月3日,9.07,8.85,9.11,8.67,76.02M,0.33%
2016年2月2日,9.04,8.73,9.24,8.62,88.98M,3.43%
2016年2月1日,8.74,8.73,8.92,8.46,93.65M,-0.46%
2016年1月29日,8.78,8.04,8.86,8.04,115.76M,9.07%
2016年1月28日,8.05,8.29,8.65,8,92.25M,-2.07%
2016年1月27日,8.22,8.45,8.56,7.7,95.58M,-3.29%
2016年1月26日,8.5,9.26,9.3,8.5,79.83M,-9.96%
2016年1月25日,9.44,9.56,9.6,9.33,52.02M,0.32%
2016年1月22日,9.41,9.33,9.47,9.04,62.16M,2.84%
2016年1月21日,9.15,9.51,9.81,9.11,79.46M,-5.96%
2016年1月20日,9.73,9.7,10.04,9.54,104.45M,-0.61%
2016年1月19日,9.79,9.27,9.84,9.25,89.13M,5.27%
2016年1月18日,9.3,8.73,9.48,8.68,73.83M,2.20%
2016年1月15日,9.1,9.64,9.79,8.95,74.28M,-6.95%
2016年1月14日,9.78,8.95,9.84,8.95,85.76M,4.38%
2016年1月13日,9.37,9.7,9.89,9.36,72.57M,-3.10%
2016年1月12日,9.67,9.63,9.89,9.34,92.54M,0.00%
2016年1月11日,9.67,10.34,10.52,9.67,100.33M,-9.96%
2016年1月8日,10.74,10.94,11.1,9.88,85.37M,0.94%
2016年1月7日,10.64,11.48,11.48,10.64,23.59M,-9.98%
2016年1月6日,11.82,11.62,11.92,11.48,70.84M,3.59%
2016年1月5日,11.41,11.04,11.87,10.97,97.16M,-4.68%
2016年1月4日,11.97,13.3,13.3,11.97,90.79M,-10.00%
2015年12月31日,13.3,13.73,13.79,13.27,66.59M,-3.13%
2015年12月30日,13.73,13.85,13.96,13.53,84.80M,-0.72%
2015年12月29日,13.83,13.3,13.93,13.21,101.37M,3.83%
2015年12月28日,13.32,13.95,14,13.28,117.82M,-4.17%
2015年12月25日,13.9,14,14.13,13.75,107.60M,-0.50%
2015年12月24日,13.97,13.28,14.43,13.28,198.04M,5.28%
2015年12月23日,13.27,13.54,13.56,13.26,79.79M,-2.35%
2015年12月22日,13.59,13.54,13.67,13.26,85.60M,0.44%
2015年12月21日,13.53,14.07,14.21,13.48,111.97M,1.58%
2015年12月18日,13.32,13.7,13.7,13.24,83.86M,-1.11%
2015年12月17日,13.47,13.4,13.67,13.36,98.68M,1.13%
2015年12月16日,13.32,13.24,13.58,13.19,78.63M,-0.60%
2015年12月15日,13.4,12.95,13.81,12.83,117.42M,3.63%
2015年12月14日,12.93,12.59,12.96,12.56,69.24M,3.19%
2015年12月11日,12.53,12.64,12.74,12.38,60.94M,-0.48%
2015年12月10日,12.59,12.86,12.89,12.56,70.67M,-2.02%
2015年12月9日,12.85,12.64,13.04,12.48,91.54M,0.47%
2015年12月8日,12.79,13.56,13.56,12.74,137.11M,-6.44%
2015年12月7日,13.67,13.8,13.85,13.36,94.30M,0.44%
2015年12月4日,13.61,13.74,14.01,13.41,100.60M,-1.66%
2015年12月3日,13.84,13.48,13.98,13.41,100.69M,2.37%
2015年12月2日,13.52,14.07,14.1,13.1,160.14M,-5.45%
2015年12月1日,14.3,14.81,15.18,14.08,245.96M,-3.44%
2015年11月30日,14.81,13.64,14.81,13.47,301.99M,9.95%
2015年11月27日,13.47,13.78,14.54,13.3,221.05M,-4.87%
2015年11月26日,14.16,14,14.96,14,205.28M,3.81%
2015年11月25日,13.64,13.53,13.92,13.5,114.55M,1.56%
2015年11月24日,13.43,13.56,13.59,13.03,82.23M,-0.07%
2015年11月23日,13.44,13.11,13.96,12.88,146.11M,2.44%
2015年11月20日,13.12,13.29,13.3,12.97,97.71M,-1.35%
2015年11月19日,13.3,12.82,13.44,12.74,105.64M,4.07%
2015年11月18日,12.78,13.38,13.53,12.74,138.68M,-4.84%
2015年11月17日,13.43,14.15,14.3,13.39,186.94M,-3.87%
2015年11月16日,13.97,13.12,14.3,13.11,161.21M,2.95%
2015年11月13日,13.57,13.32,14.04,12.7,254.29M,1.80%
2015年11月12日,13.33,13.47,13.73,13.04,193.16M,-1.26%
2015年11月11日,13.5,12.78,13.82,12.74,258.36M,6.64%
2015年11月10日,12.66,12.26,13.39,12.07,264.96M,3.60%
2015年11月9日,12.22,12.2,12.56,11.79,185.98M,-0.81%
2015年11月6日,12.32,12.24,12.67,12.08,180.93M,0.90%
2015年11月5日,12.21,11.92,12.79,11.64,254.60M,2.86%
2015年11月4日,11.87,11.25,12,11.21,161.93M,6.46%
2015年11月3日,11.15,11.64,11.76,11.02,134.26M,-3.96%
2015年11月2日,11.61,11.21,12.2,10.88,182.14M,-2.03%
2015年10月30日,11.85,12.06,12.41,11.78,186.08M,-0.42%
2015年10月29日,11.9,12.15,12.35,11.5,186.63M,0.42%
2015年10月28日,11.85,12.59,12.73,11.76,247.18M,-8.71%
2015年10月27日,12.98,11.51,12.99,11.14,316.69M,9.91%
2015年10月26日,11.81,12.07,12.66,11.56,342.08M,2.16%
2015年10月23日,11.56,10.63,11.56,10.5,302.05M,9.99%
2015年10月22日,10.51,9.74,10.51,9.72,276.61M,9.94%
2015年10月21日,9.56,10.52,10.88,9.4,214.02M,-8.17%
2015年10月20日,10.41,10.36,10.6,10.16,132.31M,1.07%
2015年10月19日,10.3,10.21,10.73,10.07,211.97M,4.04%
2015年10月16日,9.9,9.87,9.96,9.57,188.72M,0.30%
2015年10月15日,9.87,9.04,9.94,9.02,214.11M,9.18%
2015年10月14日,9.04,8.93,9.31,8.74,161.97M,2.03%
2015年10月13日,8.86,8.73,8.92,8.67,93.47M,0.45%
2015年10月12日,8.82,8.51,9.04,8.49,131.38M,5.50%
2015年10月9日,8.36,8.27,8.5,8.21,91.27M,1.46%
2015年10月8日,8.24,8.18,8.44,8.08,105.36M,5.10%
2015年9月30日,7.84,7.93,7.97,7.73,45.82M,0.90%
2015年9月29日,7.77,7.97,8.07,7.72,81.27M,-5.24%
2015年9月28日,8.2,8.14,8.27,7.93,87.78M,1.74%
2015年9月25日,8.06,8.26,8.5,7.91,148.93M,-1.10%
2015年9月24日,8.15,7.9,8.16,7.81,98.97M,4.49%
2015年9月23日,7.8,7.67,8.19,7.59,112.99M,-0.13%
2015年9月22日,7.81,7.9,8.04,7.72,97.08M,0.13%
2015年9月21日,7.8,7.38,7.84,7.33,79.44M,3.17%
2015年9月18日,7.56,7.47,7.61,7.32,69.81M,3.00%
2015年9月17日,7.34,7.34,7.81,7.26,110.42M,0.00%
2015年9月16日,7.34,6.81,7.34,6.74,83.11M,10.04%
2015年9月15日,6.67,7.03,7.24,6.65,99.67M,-9.74%
2015年9月14日,7.39,8.27,8.27,7.39,92.26M,-9.99%
2015年9月11日,8.21,8.09,8.32,7.99,89.89M,1.73%
2015年9月10日,8.07,8.3,8.41,8.01,114.55M,-5.06%
2015年9月9日,8.5,7.84,8.5,7.73,152.69M,9.96%
2015年9月8日,7.73,7.4,7.92,7.26,87.84M,4.46%
2015年9月7日,7.4,7.37,7.79,7.33,89.52M,1.93%
2015年9月2日,7.26,6.81,7.56,6.69,130.56M,-1.49%
2015年9月1日,7.37,8.07,8.07,7.37,121.92M,-10.01%
2015年8月31日,8.19,8.33,8.74,8.17,166.42M,-1.68%
2015年8月28日,8.33,7.67,8.33,7.56,160.90M,9.89%
2015年8月27日,7.58,7.54,7.85,6.87,144.75M,2.71%
2015年8月26日,7.38,8.19,8.28,7.38,170.82M,-10.00%
2015年8月25日,8.2,8.2,8.37,8.2,81.14M,-9.99%
2015年8月24日,9.11,9.56,9.62,9.11,87.86M,-10.07%
2015年8月21日,10.13,10.44,10.79,9.85,255.60M,-3.80%
2015年8月20日,10.53,10.53,10.53,10.53,8.76M,9.92%
2015年8月19日,9.58,9.58,9.58,9.58,4.05M,10.11%
2015年8月18日,8.7,8.7,8.7,8.7,5.83M,9.71%
2015年7月6日,7.93,9.62,9.62,7.93,138.49M,-9.99%
2015年7月3日,8.81,9.27,9.79,8.81,117.18M,-10.01%
2015年7月2日,9.79,10.71,10.86,9.79,106.93M,-9.94%
2015年7月1日,10.87,11.7,12.1,10.87,104.36M,-10.02%
2015年6月30日,12.08,10.74,12.22,10.1,135.69M,7.66%
2015年6月29日,11.22,12.6,12.74,11.22,106.23M,-10.02%
2015年6月26日,12.47,13.41,13.41,12.47,83.26M,-9.96%
2015年6月25日,13.85,14.81,14.81,13.7,75.16M,-6.17%
2015年6月24日,14.76,14.76,14.93,14.23,80.09M,0.89%
2015年6月23日,14.63,14.63,14.97,13.41,76.88M,1.25%
2015年6月19日,14.45,16.07,16.07,14.45,79.63M,-10.02%
2015年6月18日,16.06,16.53,16.84,16.04,76.47M,-3.89%
2015年6月17日,16.71,16.56,16.87,15.94,76.94M,0.97%
2015年6月16日,16.55,17.26,17.26,16.25,111.00M,-4.94%
2015年6月15日,17.41,17.86,18.47,17.41,158.02M,-1.64%
2015年6月12日,17.7,17,18.01,16.76,178.16M,4.80%
2015年6月11日,16.89,16.52,17.18,16.37,131.62M,1.99%
2015年6月10日,16.56,16.66,16.79,16.32,103.96M,-1.43%
2015年6月9日,16.8,16.48,16.87,16.23,137.77M,2.69%
2015年6月8日,16.36,16.61,16.61,15.8,121.80M,-1.86%
2015年6月5日,16.67,16.95,17.02,16.08,136.66M,1.21%
2015年6月4日,16.47,16.48,16.93,14.91,114.48M,0.67%
2015年6月3日,16.36,16.26,16.96,15.94,111.76M,0.86%
2015年6月2日,16.22,15.56,16.36,15.44,105.78M,4.24%
2015年6月1日,15.56,14.82,15.64,14.81,105.87M,3.87%
2015年5月29日,14.98,15.48,15.79,14.5,109.38M,-4.28%
2015年5月28日,15.65,17.04,17.54,15.65,146.86M,-10.01%
2015年5月27日,17.39,16.36,17.7,15.77,175.80M,7.41%
2015年5月26日,16.19,16.01,16.36,15.57,137.13M,1.70%
2015年5月25日,15.92,15.46,16.13,15.46,127.04M,3.04%
2015年5月22日,15.45,15.08,15.63,15.08,108.30M,2.73%
2015年5月21日,15.04,14.86,15.25,14.79,72.48M,1.21%
2015年5月20日,14.86,15.11,15.46,14.75,83.82M,-0.87%
2015年5月19日,14.99,14.58,15.07,14.37,78.22M,3.52%
2015年5月18日,14.48,14.22,14.65,14.07,75.50M,1.47%
2015年5月15日,14.27,14.74,14.78,14.16,63.66M,-2.73%
2015年5月14日,14.67,15.08,15.15,14.41,119.00M,-3.61%
2015年5月13日,15.22,15.19,15.47,14.84,82.98M,0.53%
2015年5月12日,15.14,15.23,15.77,14.99,95.82M,-25.64%
2015年5月11日,20.36,20.05,20.66,19.7,67.73M,2.98%
2015年5月8日,19.77,19.8,20.1,19.11,77.76M,-0.60%
2015年5月7日,19.89,21.88,22.04,19.89,92.37M,-10.00%
2015年5月6日,22.1,21.83,22.98,21.5,62.04M,1.38%
2015年5月5日,21.8,22.8,22.8,21.11,60.39M,-2.55%
2015年5月4日,22.37,22.38,22.67,21.59,57.25M,-0.04%
2015年4月30日,22.38,21.12,22.88,21.12,101.61M,6.22%
2015年4月29日,21.07,20.15,21.86,19.85,84.15M,5.72%
2015年4月28日,19.93,20.74,20.75,19.58,67.21M,-2.78%
2015年4月27日,20.5,21.18,21.38,20.1,86.32M,-2.80%
2015年4月24日,21.09,21,21.68,20.59,95.93M,0.76%
2015年4月23日,20.93,19.04,20.93,19.04,127.92M,9.98%
2015年4月22日,19.03,18.49,19.23,18.33,79.11M,4.05%
2015年4月21日,18.29,17.91,18.34,17.91,51.37M,2.24%
2015年4月20日,17.89,18.49,18.58,17.8,86.79M,-3.87%
2015年4月17日,18.61,18.21,18.79,18.12,81.23M,2.25%
2015年4月16日,18.2,17.99,18.48,17.8,50.05M,0.00%
2015年4月15日,18.2,18.6,18.92,17.76,67.20M,-1.46%
2015年4月14日,18.47,18.66,18.99,18.29,56.59M,-1.55%
2015年4月13日,18.76,19.1,19.29,18.61,63.29M,-0.11%
2015年4月10日,18.78,18.72,19.29,18.5,74.50M,2.57%
2015年4月9日,18.31,18.77,18.9,17.6,72.66M,2.01%
2015年4月8日,17.95,18.25,18.39,17.52,68.24M,-1.75%
2015年4月7日,18.27,18.3,18.9,18,77.85M,0.50%
2015年4月3日,18.18,17.47,18.37,17.38,81.37M,3.35%
2015年4月2日,17.59,17.85,17.98,17.33,58.39M,-0.79%
2015年4月1日,17.73,16.99,18.23,16.95,103.33M,6.17%
2015年3月31日,16.7,16.83,17.04,16.51,68.19M,0.30%
2015年3月30日,16.65,16.83,16.88,16.45,65.46M,0.97%
2015年3月27日,16.49,16.26,16.54,16.02,42.52M,1.85%
2015年3月26日,16.19,16.18,16.58,15.9,48.87M,-0.12%
2015年3月25日,16.21,16.48,16.48,16.09,53.01M,-2.23%
2015年3月24日,16.58,16.68,16.85,16,82.88M,-0.18%
2015年3月23日,16.61,16.66,16.83,16.4,78.90M,0.00%
2015年3月20日,16.61,16.58,16.76,16.18,60.35M,0.00%
2015年3月19日,16.61,16.61,16.95,16.42,54.67M,0.00%
2015年3月18日,16.61,16.51,16.71,16.41,55.24M,-0.78%
2015年3月17日,16.74,16.2,17.16,15.9,90.78M,3.33%
2015年3月16日,16.2,15.93,16.38,15.84,57.03M,2.02%
2015年3月13日,15.88,15.85,16.08,15.56,40.21M,1.60%
2015年3月12日,15.63,15.97,16.1,15.48,39.83M,-1.57%
2015年3月11日,15.88,16.16,16.3,15.8,54.39M,-1.43%
2015年3月10日,16.11,15.19,16.66,15.18,96.47M,6.34%
2015年3月9日,15.15,15.05,15.35,14.8,43.95M,0.20%
2015年3月6日,15.12,15.81,15.87,15.05,53.12M,-3.14%
2015年3月5日,15.61,15.32,15.9,15.29,82.17M,2.29%
2015年3月4日,15.26,14.8,15.48,14.8,66.07M,2.83%
2015年3月3日,14.84,15.46,15.62,14.81,76.01M,-4.01%
2015年3月2日,15.46,15.32,15.66,15.16,82.66M,1.98%
2015年2月27日,15.16,14.89,15.33,14.88,60.06M,1.47%
2015年2月26日,14.94,15.18,15.35,14.84,65.39M,-2.23%
2015年2月25日,15.28,15,15.8,14.85,113.45M,2.48%
2015年2月17日,14.91,14.99,15.3,14.58,136.21M,3.04%
2015年2月16日,14.47,13.28,14.47,13.2,81.80M,10.04%
2015年2月13日,13.15,12.9,13.28,12.9,37.63M,2.33%
2015年2月12日,12.85,12.93,13.04,12.84,21.35M,0.39%
2015年2月11日,12.8,12.95,13.08,12.8,14.44M,-0.62%
2015年2月10日,12.88,12.67,13.03,12.65,22.29M,1.66%
2015年2月9日,12.67,12.85,12.95,12.65,15.41M,-1.78%
2015年2月6日,12.9,12.85,12.92,12.5,30.77M,-0.15%
2015年2月5日,12.92,13.49,13.5,12.87,29.31M,-2.12%
2015年2月4日,13.2,13.16,13.43,13.02,31.33M,0.76%
2015年2月3日,13.1,12.98,13.18,12.93,26.23M,2.18%
2015年2月2日,12.82,12.96,13.05,12.75,27.41M,-1.91%
2015年1月30日,13.07,13.58,13.68,13.05,44.15M,-3.68%
2015年1月29日,13.57,13.46,13.69,13.27,40.88M,0.67%
2015年1月28日,13.48,13.49,13.75,13.36,44.15M,0.15%
2015年1月27日,13.46,13.5,13.6,13.22,41.65M,0.37%
2015年1月26日,13.41,13.25,13.48,13.13,32.44M,1.59%
2015年1月23日,13.2,13.42,13.6,13.15,29.15M,-1.64%
2015年1月22日,13.42,13.17,13.66,13.11,49.58M,1.74%
2015年1月21日,13.19,12.93,13.28,12.87,38.02M,1.31%
2015年1月20日,13.02,12.61,13.07,12.5,44.36M,4.24%
2015年1月19日,12.49,12.86,13.06,12.1,44.34M,-5.81%
2015年1月16日,13.26,13.24,13.38,13.13,26.69M,0.45%
2015年1月15日,13.2,13.12,13.25,13,25.36M,0.30%
2015年1月14日,13.16,13.22,13.36,13.05,23.28M,-0.45%
2015年1月13日,13.22,12.8,13.55,12.8,33.99M,3.28%
2015年1月12日,12.8,12.88,12.94,12.63,23.01M,-1.39%
2015年1月9日,12.98,13.3,13.32,12.96,42.55M,-2.77%
2015年1月8日,13.35,13.33,13.66,13.31,40.94M,0.15%
2015年1月7日,13.33,13.88,14.21,13.33,72.80M,2.93%
2014年12月26日,12.95,12.89,12.96,12.63,28.37M,0.39%
2014年12月25日,12.9,12.8,12.99,12.75,25.23M,0.94%
2014年12月24日,12.78,12.58,12.82,12.55,22.75M,2.16%
2014年12月23日,12.51,12.57,12.94,12.37,24.07M,-0.71%
2014年12月22日,12.6,13.29,13.29,12.26,48.94M,-5.76%
2014年12月19日,13.37,13.72,13.83,13.05,52.96M,-3.40%
2014年12月18日,13.84,13.84,14.15,13.8,33.49M,0.00%
2014年12月17日,13.84,14.33,14.57,13.73,56.43M,-3.35%
2014年12月16日,14.32,14.55,14.58,14.25,56.00M,-2.25%
2014年12月15日,14.65,14.51,15.13,14.33,109.33M,3.53%
2014年12月12日,14.15,13.76,14.24,13.6,72.25M,3.28%
2014年12月11日,13.7,13.59,13.95,13.46,47.63M,0.29%
2014年12月10日,13.66,13.1,13.79,13.1,55.92M,4.92%
2014年12月9日,13.02,13.38,14,12.98,85.37M,-2.25%
2014年12月8日,13.32,13.35,13.5,13.03,58.04M,-0.22%
2014年12月5日,13.35,14.15,14.3,13.23,69.84M,-4.30%
2014年12月4日,13.95,13.85,14.2,13.68,83.61M,0.07%
2014年12月3日,13.94,13.4,13.98,13.3,104.19M,4.34%
2014年12月2日,13.36,13,13.5,12.95,58.47M,2.77%
2014年12月1日,13,13.32,13.32,12.92,38.76M,-2.40%
2014年11月28日,13.32,13.11,13.5,12.86,69.59M,1.60%
2014年11月27日,13.11,13.1,13.25,12.93,42.80M,0.38%
2014年11月26日,13.06,13.25,13.31,12.83,46.34M,0.31%
2014年11月25日,13.02,13.07,13.15,12.9,39.60M,0.77%
2014年11月24日,12.92,12.45,13.01,12.45,57.97M,4.45%
2014年11月21日,12.37,12.47,12.49,12.29,19.57M,0.00%
2014年11月20日,12.37,12.35,12.51,12.26,14.57M,-0.80%
2014年11月19日,12.47,12.45,12.67,12.4,20.06M,-0.24%
2014年11月18日,12.5,12.21,12.6,12.21,26.29M,2.63%
2014年11月17日,12.18,12.33,12.36,12.11,18.64M,-0.90%
2014年11月14日,12.29,12.16,12.34,12.14,18.00M,1.07%
2014年11月13日,12.16,12.53,12.58,12.1,29.92M,-2.95%
2014年11月12日,12.53,12.44,12.61,12.29,18.42M,0.72%
2014年11月11日,12.44,13,13.24,12.41,44.23M,-4.38%
2014年11月10日,13.01,13.01,13.07,12.92,21.21M,0.08%
2014年11月7日,13,13.27,13.28,12.93,30.50M,-2.11%
2014年11月6日,13.28,13.27,13.4,12.99,34.68M,0.15%
2014年11月5日,13.26,13.3,13.57,13.2,36.41M,-0.30%
2014年11月4日,13.3,13.08,13.54,13.04,55.32M,2.15%
2014年11月3日,13.02,12.97,13.13,12.85,24.34M,0.39%
2014年10月31日,12.97,12.98,13.05,12.8,26.34M,0.08%
2014年10月30日,12.96,13.03,13.21,12.94,30.52M,-0.54%
2014年10月29日,13.03,13.06,13.23,12.92,38.20M,-0.23%
2014年10月28日,13.06,12.77,13.06,12.68,30.10M,2.27%
2014年10月27日,12.77,12.48,12.84,12.42,18.76M,2.00%
2014年10月24日,12.52,12.8,12.94,12.51,32.29M,-3.32%
2014年10月23日,12.95,13.25,13.42,12.95,30.47M,-0.99%
2014年10月22日,13.08,13.25,13.37,12.95,27.60M,-1.73%
2014年10月21日,13.31,13.25,13.49,13.15,31.23M,-0.08%
2014年10月20日,13.32,13.45,13.47,13.12,29.29M,-0.22%
2014年10月17日,13.35,13.47,13.88,13.2,70.30M,2.69%
2014年10月16日,13,13.05,13.28,12.99,26.60M,-1.14%
2014年10月15日,13.15,13.21,13.25,12.98,24.22M,-0.53%
2014年10月14日,13.22,13.1,13.42,13.03,32.30M,0.61%
2014年10月13日,13.14,13.4,13.41,13.05,34.51M,-2.67%
2014年10月10日,13.5,13.78,13.89,13.45,36.39M,-1.46%
2014年10月9日,13.7,13.9,13.94,13.55,40.54M,-1.51%
2014年10月8日,13.91,13.37,13.94,13.31,56.66M,4.67%
2014年9月30日,13.29,13.32,13.5,13.23,30.12M,-0.23%
2014年9月29日,13.32,13.15,13.48,13.13,31.84M,1.37%
2014年9月26日,13.14,13.15,13.29,12.95,27.27M,-0.68%
2014年9月25日,13.23,13.42,13.5,13.21,38.94M,-0.75%
2014年9月24日,13.33,13,13.41,12.92,39.42M,1.99%
2014年9月23日,13.07,12.92,13.16,12.9,27.33M,1.32%
2014年9月22日,12.9,13.38,13.39,12.85,36.67M,-3.73%
2014年9月19日,13.4,13.25,13.5,13.2,31.92M,1.13%
2014年9月18日,13.25,13.31,13.38,13.03,33.04M,-0.08%
2014年9月17日,13.26,13.34,13.51,12.95,49.88M,-0.15%
2014年9月16日,13.28,14.32,14.34,13.23,106.26M,-7.26%
2014年9月15日,14.32,14.4,14.47,13.98,49.95M,-1.17%
2014年9月12日,14.49,14.3,14.79,14.21,51.79M,0.91%
2014年9月11日,14.36,14.85,15.19,14.16,100.62M,-1.44%
2014年9月10日,14.57,14.81,14.96,14.43,107.48M,-1.62%
2014年9月9日,14.81,13.51,14.81,13.48,166.16M,10.03%
2014年9月5日,13.46,12.85,13.8,12.82,117.12M,4.26%
2014年9月4日,12.91,13.15,13.26,12.73,69.17M,-1.45%
2014年9月3日,13.1,13.09,13.53,13.03,80.73M,-0.53%
2014年9月2日,13.17,13.37,13.37,12.95,74.37M,-0.75%
2014年9月1日,13.27,13.1,13.55,12.88,70.47M,1.53%
2014年8月29日,13.07,12.85,13.29,12.78,58.87M,0.93%
2014年8月28日,12.95,13.05,13.22,12.65,68.66M,-0.46%
2014年8月27日,13.01,13.39,13.54,12.95,94.51M,-3.91%
2014年8月26日,13.54,12.59,13.75,12.47,143.71M,7.04%
2014年8月25日,12.65,12.48,13.35,12.42,116.22M,-0.55%
2014年8月22日,12.72,12.51,13.16,12.51,146.90M,2.91%
2014年8月21日,12.36,12.8,12.88,12.04,179.94M,-0.48%
2014年8月20日,12.42,12.3,12.42,12.03,77.32M,10.01%
2014年8月19日,11.29,11.29,11.29,11.29,4.77M,10.04%
2014年8月18日,10.26,10.26,10.26,10.26,2.09M,9.97%
2014年8月15日,9.33,9.33,9.33,9.33,1.26M,9.64%
2014年5月27日,8.51,8.5,8.57,8.42,16.77M,0.12%
2014年5月26日,8.5,8.41,8.54,8.37,20.67M,1.55%
2014年5月23日,8.37,8.29,8.43,8.22,12.46M,1.09%
2014年5月22日,8.28,8.28,8.53,8.26,19.79M,0.00%
2014年5月21日,8.28,8.18,8.32,8.17,6.70M,0.61%
2014年5月20日,8.23,8.32,8.37,8.21,8.82M,-0.72%
2014年5月19日,8.29,8.26,8.38,8.21,10.58M,-0.12%
2014年5月16日,8.3,8.18,8.38,8.1,16.79M,1.97%
2014年5月15日,8.14,8.47,8.49,8.13,15.09M,-2.98%
2014年5月14日,8.39,8.43,8.47,8.28,12.13M,-0.24%
2014年5月13日,8.41,8.45,8.51,8.32,16.44M,-0.71%
2014年5月12日,8.47,8.41,8.52,8.32,20.70M,1.93%
2014年5月9日,8.31,8.34,8.4,8.24,8.87M,0.00%
2014年5月8日,8.31,8.34,8.47,8.18,16.13M,-1.31%
2014年5月7日,8.42,8.42,8.57,8.39,14.39M,0.12%
2014年5月6日,8.41,8.46,8.52,8.29,14.13M,-0.59%
2014年5月5日,8.46,8.39,8.5,8.34,12.04M,0.95%
2014年4月30日,8.38,8.23,8.47,8.19,14.75M,1.70%
2014年4月29日,8.24,8.1,8.29,8.1,14.54M,2.11%
2014年4月28日,8.07,8.18,8.39,8.04,29.43M,-6.27%
2014年4月25日,8.61,9.05,9.08,8.52,43.11M,-4.65%
2014年4月24日,9.03,9.29,9.29,8.98,37.69M,-3.22%
2014年4月23日,9.33,9.31,9.57,9.25,55.98M,0.43%
2014年4月22日,9.29,9.29,9.38,9.07,33.83M,-0.43%
2014年4月21日,9.33,9.03,9.53,9,56.30M,3.32%
2014年4月18日,9.03,9,9.09,8.96,12.84M,0.00%
2014年4月17日,9.03,9,9.2,9,17.16M,-0.88%
2014年4月16日,9.11,9.24,9.26,8.83,38.85M,-1.94%
2014年4月15日,9.29,9.37,9.56,9.27,29.49M,-0.96%
2014年4月14日,9.38,9.29,9.43,9.29,18.25M,0.54%
2014年4月11日,9.33,9.37,9.45,9.25,24.25M,-1.17%
2014年4月10日,9.44,9.24,9.56,9.18,50.91M,2.39%
2014年4月9日,9.22,9.05,9.22,9.02,27.75M,2.22%
2014年4月8日,9.02,8.91,9.04,8.86,17.36M,1.01%
2014年4月4日,8.93,8.93,8.96,8.87,11.59M,0.11%
2014年4月3日,8.92,8.91,9.04,8.82,15.66M,0.22%
2014年4月2日,8.9,9.16,9.25,8.88,19.15M,-1.11%
2014年4月1日,9,8.78,9.07,8.76,15.06M,2.51%
2014年3月31日,8.78,8.9,8.96,8.7,12.60M,-0.34%
2014年3月28日,8.81,9.01,9.05,8.77,25.98M,-1.89%
2014年3月27日,8.98,9.12,9.18,8.93,21.46M,-1.86%
2014年3月26日,9.15,9.09,9.37,9.09,19.76M,0.22%
2014年3月25日,9.13,9.12,9.32,9,26.42M,-0.87%
2014年3月24日,9.21,9.17,9.47,9.13,36.32M,0.88%
2014年3月21日,9.13,8.82,9.2,8.77,26.69M,2.82%
2014年3月20日,8.88,9.25,9.31,8.88,41.00M,-5.23%
2014年3月19日,9.37,9.4,9.62,9.29,38.18M,-1.06%
2014年3月18日,9.47,9.33,9.58,9.26,34.81M,0.96%
2014年3月17日,9.38,9.14,9.48,9.03,40.23M,2.63%
2014年3月14日,9.14,8.98,9.43,8.89,50.14M,1.78%
2014年3月13日,8.98,9,9.05,8.85,26.06M,-0.99%
2014年3月12日,9.07,8.8,9.23,8.79,48.65M,3.19%
2014年3月11日,8.79,8.71,8.88,8.62,34.94M,0.92%
2014年3月10日,8.71,9.21,9.28,8.62,47.76M,-6.94%
2014年3月7日,9.36,9.47,9.61,9.29,42.16M,-0.95%
2014年3月6日,9.45,9.5,9.74,9.32,51.51M,0.21%
2014年3月5日,9.43,9.74,9.8,9.37,56.45M,-3.87%
2014年3月4日,9.81,9.25,9.91,9.19,88.84M,5.26%
2014年3月3日,9.32,9.53,9.79,9.22,65.54M,0.00%
2014年2月28日,9.32,8.76,9.35,8.71,57.23M,5.67%
2014年2月27日,8.82,8.91,9.38,8.79,57.26M,-1.34%
2014年2月26日,8.94,8.45,8.97,8.45,41.72M,5.80%
2014年2月25日,8.45,8.84,8.97,8.36,44.58M,-4.09%
2014年2月24日,8.81,9.04,9.04,8.72,37.97M,-3.61%
2014年2月21日,9.14,9.11,9.35,8.96,30.40M,0.22%
2014年2月20日,9.12,9.4,9.47,9.08,38.32M,-2.46%
2014年2月19日,9.35,9.43,9.67,9.27,44.89M,-1.58%
2014年2月18日,9.5,9.11,9.86,9.08,75.44M,3.94%
2014年2月17日,9.14,9.26,9.38,9.07,52.79M,0.00%
2014年2月14日,9.14,9.16,9.22,8.95,36.51M,0.88%
2014年2月13日,9.06,8.83,9.56,8.78,80.20M,1.57%
2014年2月12日,8.92,8.78,9.12,8.68,54.62M,1.02%
2014年2月11日,8.83,8.93,9.07,8.57,73.30M,0.57%
2014年2月10日,8.78,8.01,8.78,8.01,69.82M,10.16%
2014年2月7日,7.97,7.76,7.98,7.7,19.85M,2.05%
2014年1月30日,7.81,7.89,7.97,7.81,13.59M,-0.89%
2014年1月29日,7.88,7.78,7.92,7.71,21.87M,2.07%
2014年1月28日,7.72,7.91,7.96,7.72,19.16M,-0.13%
2014年1月27日,7.73,7.66,7.78,7.58,16.58M,0.26%
2014年1月24日,7.71,7.5,7.83,7.46,25.98M,3.21%
2014年1月23日,7.47,7.41,7.59,7.37,16.43M,0.54%
2014年1月22日,7.43,7.22,7.43,7.22,12.56M,3.05%
2014年1月21日,7.21,7.16,7.28,7.16,5.91M,0.84%
2014年1月20日,7.15,7.2,7.27,7.14,6.21M,-0.97%
2014年1月17日,7.22,7.38,7.41,7.18,9.89M,-2.17%
2014年1月16日,7.38,7.45,7.48,7.34,10.39M,-1.20%
2014年1月15日,7.47,7.33,7.53,7.29,12.74M,2.19%
2014年1月14日,7.31,7.26,7.36,7.23,9.67M,0.14%
2014年1月13日,7.3,7.22,7.33,7.17,10.48M,0.55%
2014年1月10日,7.26,7.23,7.33,7.1,12.40M,0.28%
2014年1月9日,7.24,7.4,7.47,7.18,12.23M,-2.29%
2014年1月8日,7.41,7.54,7.61,7.36,13.47M,-1.72%
2014年1月7日,7.54,7.51,7.6,7.51,7.03M,-0.26%
2014年1月6日,7.56,7.63,7.66,7.47,13.10M,-0.79%
2014年1月3日,7.62,7.86,7.86,7.57,16.34M,-2.68%
2014年1月2日,7.83,7.82,8.01,7.78,14.89M,-0.63%
